dateISO,ts,category,filename,relativePath,source
2022-06-03T10:38:55.000Z,1654252735000,other,285544638_581286606659249_4650430221939562341_n_17896316162627063.jpg,media/other/285544638_581286606659249_4650430221939562341_n_17896316162627063.jpg,json
2022-06-04T09:43:47.000Z,1654335827000,other,AQNNUV46KcmxdwqoAGk3_dtHAFSWkyUTMurcoD5GJNL_Oo6cljQtCEgU4jAdl74c3Ex7cKowVQkEpvd3gL21NGI_17873451824697870.mp4,media/other/AQNNUV46KcmxdwqoAGk3_dtHAFSWkyUTMurcoD5GJNL_Oo6cljQtCEgU4jAdl74c3Ex7cKowVQkEpvd3gL21NGI_17873451824697870.mp4,json
2022-06-04T19:07:47.000Z,1654369667000,other,AQN3XbaDXErW85UfPs6p51RAHy9byq_UCo5sgcRZU1l3q4zVHY8aSE4xIirxOhw3u7vW2RFo6kD8f2LdNliY8L_17931035327137319.mp4,media/other/AQN3XbaDXErW85UfPs6p51RAHy9byq_UCo5sgcRZU1l3q4zVHY8aSE4xIirxOhw3u7vW2RFo6kD8f2LdNliY8L_17931035327137319.mp4,json
2022-06-05T09:06:29.000Z,1654419989000,other,AQP6iUw50aXa9L4CBJR4LdBM2g9GIhD2_khBHHmAXnfZG5gXMCBCm85ZIMtQ9HSOD4_dnHDlNx9Ut0EhrBV94qy_17934204557190692.mp4,media/other/AQP6iUw50aXa9L4CBJR4LdBM2g9GIhD2_khBHHmAXnfZG5gXMCBCm85ZIMtQ9HSOD4_dnHDlNx9Ut0EhrBV94qy_17934204557190692.mp4,json
2022-06-05T17:40:16.000Z,1654450816000,other,AQPMF8ou1SIulO3_2M_Dk2pNDdntcv81isKbjl4HBG2IxxwQP5ltkfKukBNlL92l8sYT5GQxZiFtr_OrhDcht_17933936708500114.mp4,media/other/AQPMF8ou1SIulO3_2M_Dk2pNDdntcv81isKbjl4HBG2IxxwQP5ltkfKukBNlL92l8sYT5GQxZiFtr_OrhDcht_17933936708500114.mp4,json
2022-06-07T17:09:27.000Z,1654621767000,other,AQOUV1XBFFc_3yhzudhOGAXQPFCSPrEjCItIpmnqnFArORkg6WtQ0WyHnoQ1cSI5uu_yoinFHIv2TVc4Sy5VQu5_17930065337157985.mp4,media/other/AQOUV1XBFFc_3yhzudhOGAXQPFCSPrEjCItIpmnqnFArORkg6WtQ0WyHnoQ1cSI5uu_yoinFHIv2TVc4Sy5VQu5_17930065337157985.mp4,json
2022-06-07T17:14:30.000Z,1654622070000,reels,AQNxlwG5jWpgNgsyaQlweCZnFZcBkS20Jrifbeq0mmCusk4FcxviJZjrN2wqRPBF0892VMRw_8ymjGxiUbdhsuz8CgGQRTZoAXyQoY_17877465326690176.mp4,media/reels/202206/AQNxlwG5jWpgNgsyaQlweCZnFZcBkS20Jrifbeq0mmCusk4FcxviJZjrN2wqRPBF0892VMRw_8ymjGxiUbdhsuz8CgGQRTZoAXyQoY_17877465326690176.mp4,json
2022-06-08T17:18:49.000Z,1654708729000,other,AQOyvPYJrJO8dusgCqBOkYFSupdZN5wTgorqOHad8O8oS9D0Np0wf6h4RTSAcZw5UwRTPg4AdswAtdN5y9phts2_17910494186538007.mp4,media/other/AQOyvPYJrJO8dusgCqBOkYFSupdZN5wTgorqOHad8O8oS9D0Np0wf6h4RTSAcZw5UwRTPg4AdswAtdN5y9phts2_17910494186538007.mp4,json
2022-06-08T17:38:10.000Z,1654709890000,other,AQPlYIPJz53mg0jNsMYekuMV_VeLPLOhZFthJspGyKfgH3rIJ3ymlgBLkmbTSSxqakR4vMqdxCrcZjNDl1Jd2B_17951255605906459.mp4,media/other/AQPlYIPJz53mg0jNsMYekuMV_VeLPLOhZFthJspGyKfgH3rIJ3ymlgBLkmbTSSxqakR4vMqdxCrcZjNDl1Jd2B_17951255605906459.mp4,json
2022-06-08T19:03:33.000Z,1654715013000,other,AQN3b7hYTr7PSDKsRAIq6UD36UMOR8qNUGbuy4dH7RNud8Hl2lkiiJBsNCJxXRfrduSkhKZvZHwaCDChbfqqj_17950292590897663.mp4,media/other/AQN3b7hYTr7PSDKsRAIq6UD36UMOR8qNUGbuy4dH7RNud8Hl2lkiiJBsNCJxXRfrduSkhKZvZHwaCDChbfqqj_17950292590897663.mp4,json
2022-06-09T19:19:02.000Z,1654802342000,other,286640389_997987147531842_8520478921319804489_n_17948635168862558.jpg,media/other/286640389_997987147531842_8520478921319804489_n_17948635168862558.jpg,json
2022-06-11T19:43:15.000Z,1654976595000,other,AQNxyq7KmN2_UEBLkb_F_GUm9F6x43wyP2eHXPcKzTWkOH42s1YyUz2fgSI4mtHPdr6dh0gmjqZBBybxY7Qgjc_17944338002055272.mp4,media/other/AQNxyq7KmN2_UEBLkb_F_GUm9F6x43wyP2eHXPcKzTWkOH42s1YyUz2fgSI4mtHPdr6dh0gmjqZBBybxY7Qgjc_17944338002055272.mp4,json
2022-06-12T11:58:55.000Z,1655035135000,other,AQOegVyQmQLkTOCAIc5OBhMqngaRIGuyOioNsavAABh2eXJozyWRqetb40wGf6FwqsfZwQXLY1goPZ1Sxj0dqfR_18020661487388872.mp4,media/other/AQOegVyQmQLkTOCAIc5OBhMqngaRIGuyOioNsavAABh2eXJozyWRqetb40wGf6FwqsfZwQXLY1goPZ1Sxj0dqfR_18020661487388872.mp4,json
2022-06-12T14:37:33.000Z,1655044653000,other,287584672_391326626347039_8571749744870585137_n_17881108676676388.jpg,media/other/287584672_391326626347039_8571749744870585137_n_17881108676676388.jpg,json
2022-06-12T17:05:14.000Z,1655053514000,other,287801859_801460574594956_3421589980252779011_n_17860148516752931.jpg,media/other/287801859_801460574594956_3421589980252779011_n_17860148516752931.jpg,json
2022-06-14T17:57:07.000Z,1655229427000,reels,AQPMFMDnXiv9h9oZcQyl1gIPlOmDOtCuNfU04Jq3HsNPOWw1NL69H_NYZ9NmpmKpt6X07i4z1YA6A44Z_mvQc1aJd_RNn0QGQJIt8_17920816106333365.mp4,media/reels/202206/AQPMFMDnXiv9h9oZcQyl1gIPlOmDOtCuNfU04Jq3HsNPOWw1NL69H_NYZ9NmpmKpt6X07i4z1YA6A44Z_mvQc1aJd_RNn0QGQJIt8_17920816106333365.mp4,json
2022-06-16T18:24:35.000Z,1655403875000,other,288154516_408246551236088_7959815707207382386_n_18235110223141688.jpg,media/other/288154516_408246551236088_7959815707207382386_n_18235110223141688.jpg,json
2022-06-18T13:19:30.000Z,1655558370000,other,288537560_180064401099141_602983983037081524_n_17956309096860205.jpg,media/other/288537560_180064401099141_602983983037081524_n_17956309096860205.jpg,json
2022-06-20T21:19:55.000Z,1655759995000,other,AQNNehF7S_Eh06B2hanfOCHYBsYJhqWOxAC3T3N0FmBJoxiVpXPMEDtbIjVTR9aGL7ZtUYC5QxHsRz9NgSHl2EC_17971499161560856.mp4,media/other/AQNNehF7S_Eh06B2hanfOCHYBsYJhqWOxAC3T3N0FmBJoxiVpXPMEDtbIjVTR9aGL7ZtUYC5QxHsRz9NgSHl2EC_17971499161560856.mp4,json
2022-06-23T20:56:39.000Z,1656017799000,other,AQNkO1CcWctx4aEEAUNc4d7qT88pkQcKZJ6kQscyf5Q5QRpg_ZUb6zVAfW5YLjylTOe5Dz_OQpA5oTyN4FVFRq_17852946728780396.mp4,media/other/AQNkO1CcWctx4aEEAUNc4d7qT88pkQcKZJ6kQscyf5Q5QRpg_ZUb6zVAfW5YLjylTOe5Dz_OQpA5oTyN4FVFRq_17852946728780396.mp4,json
2022-06-28T09:21:56.000Z,1656408116000,other,AQPsHdDvP3CmbW4xjMqOe5ZghalCUc2IXWJlBTdTsuz731LpCfy9gullgDYgjqWrpn7VIs8jB5ugx_aqlMt3aVq1_17904974876610550.mp4,media/other/AQPsHdDvP3CmbW4xjMqOe5ZghalCUc2IXWJlBTdTsuz731LpCfy9gullgDYgjqWrpn7VIs8jB5ugx_aqlMt3aVq1_17904974876610550.mp4,json
2022-06-29T15:51:36.000Z,1656517896000,other,AQMP5nYunhhWnJ74Df8VWe0X9WaFoxYK7uTvPplAE3zcWUytH0SYICUBdasQ4nT2WFbsfqZWG3vHwaJGnJWTwZ9_18165038968245590.mp4,media/other/AQMP5nYunhhWnJ74Df8VWe0X9WaFoxYK7uTvPplAE3zcWUytH0SYICUBdasQ4nT2WFbsfqZWG3vHwaJGnJWTwZ9_18165038968245590.mp4,json
2022-07-06T16:21:02.000Z,1657124462000,other,AQNU7MzAXXUTHFFR3nudruIwVLvNWMYFrMRUpcZbUREq8Rreu2gpc1yNDU8Fg1kVDMwrZ7QM7G8BVk5omXzNJUQ_17965442707630554.mp4,media/other/AQNU7MzAXXUTHFFR3nudruIwVLvNWMYFrMRUpcZbUREq8Rreu2gpc1yNDU8Fg1kVDMwrZ7QM7G8BVk5omXzNJUQ_17965442707630554.mp4,json
2022-07-07T17:58:34.000Z,1657216714000,other,AQNbST5ylseQAm6z4JssKy109KqzcKU9Ayvnc6gRprKWrM22qGXI_Ejy9W3L_hLP4bO8c1J4wKRKnQnhjfLjATE_18037781176364299.mp4,media/other/AQNbST5ylseQAm6z4JssKy109KqzcKU9Ayvnc6gRprKWrM22qGXI_Ejy9W3L_hLP4bO8c1J4wKRKnQnhjfLjATE_18037781176364299.mp4,json
2022-07-12T18:51:12.000Z,1657651872000,other,AQOicyP28ScGHEPlCjcsIANwwGHkjsmIOe0AXn_nJCsLTYxzqQm6dh3Z5S0lUkrgjiw5Pl0RfbOlFGShgTffCgR_18310108219012667.mp4,media/other/AQOicyP28ScGHEPlCjcsIANwwGHkjsmIOe0AXn_nJCsLTYxzqQm6dh3Z5S0lUkrgjiw5Pl0RfbOlFGShgTffCgR_18310108219012667.mp4,json
2022-07-13T17:59:28.000Z,1657735168000,other,293299952_761790968283700_3699839070352484778_n_17913194438555949.jpg,media/other/293299952_761790968283700_3699839070352484778_n_17913194438555949.jpg,json
2022-07-13T19:46:47.000Z,1657741607000,other,AQPKwJjmmvAaMFI2mWl0b1AeIoP0nk6RHpvpc1itmKxOrI4Cbfg4HTOwKr2qAsEoWQ0giDMQL68QtW6IMvxhDi6_18169382722245573.mp4,media/other/AQPKwJjmmvAaMFI2mWl0b1AeIoP0nk6RHpvpc1itmKxOrI4Cbfg4HTOwKr2qAsEoWQ0giDMQL68QtW6IMvxhDi6_18169382722245573.mp4,json
2022-07-14T20:29:40.000Z,1657830580000,other,293320310_571544247792551_830659410919439317_n_17948905805055303.jpg,media/other/293320310_571544247792551_830659410919439317_n_17948905805055303.jpg,json
2022-07-17T12:14:04.000Z,1658060044000,other,293691359_575782344151866_3072997346590201862_n_17985265453533714.jpg,media/other/293691359_575782344151866_3072997346590201862_n_17985265453533714.jpg,json
2022-07-20T17:05:18.000Z,1658336718000,other,AQOr1tg5bE6NxMQ8UYFKbFM1nHCrSQwkOoUEFwc2yn6PMIOzvvm_zOOreadtP_5MKkCTnfKjdDa2BMMNf31y1w4_17996106565489268.mp4,media/other/AQOr1tg5bE6NxMQ8UYFKbFM1nHCrSQwkOoUEFwc2yn6PMIOzvvm_zOOreadtP_5MKkCTnfKjdDa2BMMNf31y1w4_17996106565489268.mp4,json
2022-07-22T09:34:47.000Z,1658482487000,other,294848302_412175907613401_3997210174126232259_n_17946641293976487.jpg,media/other/294848302_412175907613401_3997210174126232259_n_17946641293976487.jpg,json
2022-07-23T18:20:34.000Z,1658600434000,other,AQPwCddCGBJWuqQqoOz2EyxF9QJCavZGpbRELDrBBUfg7PdGz6AM1lx31t65YThwTeySHrDQMow_OqUbgOEYF_17934323030338126.mp4,media/other/AQPwCddCGBJWuqQqoOz2EyxF9QJCavZGpbRELDrBBUfg7PdGz6AM1lx31t65YThwTeySHrDQMow_OqUbgOEYF_17934323030338126.mp4,json
2022-07-27T16:47:40.000Z,1658940460000,other,AQN__WrtbYCJcybz9Zu1mQE_uKBi3z5i1CnXkaVkN1olP43JaHANlmNIlEnWln55SZLxb0OzqsQar4y7UARjUo6D_17896671482590650.mp4,media/other/AQN__WrtbYCJcybz9Zu1mQE_uKBi3z5i1CnXkaVkN1olP43JaHANlmNIlEnWln55SZLxb0OzqsQar4y7UARjUo6D_17896671482590650.mp4,json
2022-08-03T15:46:49.000Z,1659541609000,other,AQNOv6FpGltIhG9VBozyGfQr88F6gB4_omMe8P4WR8otIEZqVEoIHaQ366CdRxFimRuckOTWlv_8dDft4ufxQu0z_17947326407116562.mp4,media/other/AQNOv6FpGltIhG9VBozyGfQr88F6gB4_omMe8P4WR8otIEZqVEoIHaQ366CdRxFimRuckOTWlv_8dDft4ufxQu0z_17947326407116562.mp4,json
2022-08-03T18:01:14.000Z,1659549674000,other,297399224_1168870210710476_8201809469247405199_n_17948389762967086.jpg,media/other/297399224_1168870210710476_8201809469247405199_n_17948389762967086.jpg,json
2022-08-08T17:32:48.000Z,1659979968000,other,AQN1Y7XWZ2t95vAzRY7cVwcLr0Zticq9jPhG2_o8K0FJUJfFBuYqcRsy_NJE5AXjFrqTRXxwiNQQlqdhIOV9Pb_17943301001185958.mp4,media/other/AQN1Y7XWZ2t95vAzRY7cVwcLr0Zticq9jPhG2_o8K0FJUJfFBuYqcRsy_NJE5AXjFrqTRXxwiNQQlqdhIOV9Pb_17943301001185958.mp4,json
2022-08-16T21:27:01.000Z,1660685221000,reels,AQOql16TyhO8oqtxThlkuNfQ42onJyK01moWiMowL3eCPzlLtQkG60EHSkci2LWdo2eQ2uoexc0ZmtVA2xVOrmWAaOr2IIm9e3mg_17942710337212157.mp4,media/reels/202208/AQOql16TyhO8oqtxThlkuNfQ42onJyK01moWiMowL3eCPzlLtQkG60EHSkci2LWdo2eQ2uoexc0ZmtVA2xVOrmWAaOr2IIm9e3mg_17942710337212157.mp4,json
2022-08-19T15:55:16.000Z,1660924516000,other,299789367_122353860548483_1967873972965376439_n_17921428547444512.jpg,media/other/299789367_122353860548483_1967873972965376439_n_17921428547444512.jpg,json
2022-08-20T19:30:37.000Z,1661023837000,other,299973715_377304191249681_6405566576353749344_n_17935098098227302.jpg,media/other/299973715_377304191249681_6405566576353749344_n_17935098098227302.jpg,json
2022-08-23T21:15:24.000Z,1661289324000,reels,AQPv4VVd9gcLhFHACVTv7FOXqIv1cOP8w3DV4nDDLFox4Ev_3_Ejp_PgS7cEeUZphLnIRi2ye6AV0iC7A1bjWFLeI3aT6kk6a8L5I_17882591462658125.mp4,media/reels/202208/AQPv4VVd9gcLhFHACVTv7FOXqIv1cOP8w3DV4nDDLFox4Ev_3_Ejp_PgS7cEeUZphLnIRi2ye6AV0iC7A1bjWFLeI3aT6kk6a8L5I_17882591462658125.mp4,json
2022-08-24T16:21:04.000Z,1661358064000,other,301184040_342435038009228_5123684156817725427_n_18210680767088137.jpg,media/other/301184040_342435038009228_5123684156817725427_n_18210680767088137.jpg,json
2022-08-24T18:08:10.000Z,1661364490000,reels,AQOjIotnaS6sHdspmkK6SwVXoZ87hFhJcvs_SNmOeO4DzeLCzLiDEQGZze4MKL19op3tajZMm0rm9MKUGVr5Wwo7N6MVgARGQCSdE_17953982708061210.mp4,media/reels/202208/AQOjIotnaS6sHdspmkK6SwVXoZ87hFhJcvs_SNmOeO4DzeLCzLiDEQGZze4MKL19op3tajZMm0rm9MKUGVr5Wwo7N6MVgARGQCSdE_17953982708061210.mp4,json
2022-08-24T18:43:11.000Z,1661366591000,other,301447938_158111230144188_1388378598020206481_n_17936935322346782.jpg,media/other/301447938_158111230144188_1388378598020206481_n_17936935322346782.jpg,json
2022-08-29T17:30:17.000Z,1661794217000,reels,AQNJkaEdOxi_w3qxPmZsljSKE58XKa4mzBicsXJb_wFRo79fOnB0f2ARSEmX45lmhg5sNZKOir9q28CSprafL8as6QMp8GJd8qwg_17966004682862720.mp4,media/reels/202208/AQNJkaEdOxi_w3qxPmZsljSKE58XKa4mzBicsXJb_wFRo79fOnB0f2ARSEmX45lmhg5sNZKOir9q28CSprafL8as6QMp8GJd8qwg_17966004682862720.mp4,json
2022-09-03T14:57:23.000Z,1662217043000,reels,AQOKELxIpfCcscioBLnFOFufmgjgZm03XPwnkY1bib_mapBc5Bbgismfl_qbMgwHoO3jbiLGSnCFvnZWQ5qyooXoCSG4rOyO0BF8_17922857954453183.mp4,media/reels/202209/AQOKELxIpfCcscioBLnFOFufmgjgZm03XPwnkY1bib_mapBc5Bbgismfl_qbMgwHoO3jbiLGSnCFvnZWQ5qyooXoCSG4rOyO0BF8_17922857954453183.mp4,json
2022-09-03T20:15:23.000Z,1662236123000,reels,AQNFFUQzXdh6iFkSyl_fqxIg1Uuir8gR6fHFPs4w3fb_GFPqHv_eUWe_I2eKRWUUdifG9WI6W1kC4Kyx3odcMy1HfYPK1sBmyfsf48_17977291363637969.mp4,media/reels/202209/AQNFFUQzXdh6iFkSyl_fqxIg1Uuir8gR6fHFPs4w3fb_GFPqHv_eUWe_I2eKRWUUdifG9WI6W1kC4Kyx3odcMy1HfYPK1sBmyfsf48_17977291363637969.mp4,json
2022-09-06T18:17:28.000Z,1662488248000,reels,AQOjy_0dTbPqbdgtOz4kPCgPppCFhkWb55ginqMj95_GOheL4fHpgnzS8cZtNXQFUfEe5G3OrLIm4jTmYDoSd2AvB__t59XQcSXCw_17921692607479945.mp4,media/reels/202209/AQOjy_0dTbPqbdgtOz4kPCgPppCFhkWb55ginqMj95_GOheL4fHpgnzS8cZtNXQFUfEe5G3OrLIm4jTmYDoSd2AvB__t59XQcSXCw_17921692607479945.mp4,json
2022-09-07T17:39:24.000Z,1662572364000,reels,AQPR8id0DjLDFVXWwi4yhrJ7iRsbowaBZICmBXWkItluAsIgUj5n_a4FD2iMhkKBIZVXyCysQ1ilE2v78K5Yp4gWtDrZfGFmhoqHEoI_18290605498077770.mp4,media/reels/202209/AQPR8id0DjLDFVXWwi4yhrJ7iRsbowaBZICmBXWkItluAsIgUj5n_a4FD2iMhkKBIZVXyCysQ1ilE2v78K5Yp4gWtDrZfGFmhoqHEoI_18290605498077770.mp4,json
2022-09-13T20:06:51.000Z,1663099611000,reels,AQP5q5iPK_RTaBgkb_T0G_Ypy61yRIKqF4FsrO1pYdR_RF9CYolqVspZZoUJqFUPYodbzx9qIj2HGl5zuGcyZ5qSoSYVgtEykyirjk_17857884725803638.mp4,media/reels/202209/AQP5q5iPK_RTaBgkb_T0G_Ypy61yRIKqF4FsrO1pYdR_RF9CYolqVspZZoUJqFUPYodbzx9qIj2HGl5zuGcyZ5qSoSYVgtEykyirjk_17857884725803638.mp4,json
2022-09-14T19:55:36.000Z,1663185336000,reels,AQN3j3ZT_Oap3MZ87DbZ8R1H7CkWppyO5kY9oruB9pkq7yBeT4WTc7v4XIgqXpdMAcSF4geAvkxe3Ung8Z4wJ9KOpQ6SOJ8bqefw0_17897759423670485.mp4,media/reels/202209/AQN3j3ZT_Oap3MZ87DbZ8R1H7CkWppyO5kY9oruB9pkq7yBeT4WTc7v4XIgqXpdMAcSF4geAvkxe3Ung8Z4wJ9KOpQ6SOJ8bqefw0_17897759423670485.mp4,json
2022-09-18T17:26:01.000Z,1663521961000,reels,AQOWIfxYhISwnx_fjqMbgaCJZhLZdXicqqG1thAVO7kFo_rflK1k8WGlvtXpr0B2aXLnPk_tMsmWK6uMn9P_Njby46PxPaerxH2MNQ_17946325925085936.mp4,media/reels/202209/AQOWIfxYhISwnx_fjqMbgaCJZhLZdXicqqG1thAVO7kFo_rflK1k8WGlvtXpr0B2aXLnPk_tMsmWK6uMn9P_Njby46PxPaerxH2MNQ_17946325925085936.mp4,json
2022-09-19T18:20:59.000Z,1663611659000,reels,AQNfBL598rDJjPzyxMtLMNdwa_79MKvNE5_YH7lRDpDVQVJ6V3HoknYBc86xTQ9oVIPJ2OYB6zuHytetu5EIH8AiAwdbfR3EsH3wNU_17968829653863847.mp4,media/reels/202209/AQNfBL598rDJjPzyxMtLMNdwa_79MKvNE5_YH7lRDpDVQVJ6V3HoknYBc86xTQ9oVIPJ2OYB6zuHytetu5EIH8AiAwdbfR3EsH3wNU_17968829653863847.mp4,json
2022-09-27T10:53:51.000Z,1664276031000,reels,AQMQu0CBqvGpXg1Msj7GLVm_yZpFSRD0AmUVWumXKSfuDDJhaJyZO5RIXmphovl1UlaJeqdgykhNTcBeuHhv7yvFcJrSAmiNw0I_17971669894710936.mp4,media/reels/202209/AQMQu0CBqvGpXg1Msj7GLVm_yZpFSRD0AmUVWumXKSfuDDJhaJyZO5RIXmphovl1UlaJeqdgykhNTcBeuHhv7yvFcJrSAmiNw0I_17971669894710936.mp4,json
2022-09-28T16:50:59.000Z,1664383859000,reels,AQM6oKwyITRhAMB17k0MxFERFtB4G6bXjpPZFjIt71re12Eu_Urxdd_xCWQhYftvhTCB5Wgi41eZtuNrFw5zWOscrDkln85U5Kt1M_18324450373046141.mp4,media/reels/202209/AQM6oKwyITRhAMB17k0MxFERFtB4G6bXjpPZFjIt71re12Eu_Urxdd_xCWQhYftvhTCB5Wgi41eZtuNrFw5zWOscrDkln85U5Kt1M_18324450373046141.mp4,json
2022-10-02T19:32:51.000Z,1664739171000,reels,AQMeR0TF_ddG2eDzNf5GeVu3WK9gDAU7_LtPW_N4egpjswQGuBOuGXgYRqgqRFQCpGo6yPO9NheQ01818rtZtYdUZeEoL4l8U2fDSo_17969897803853271.mp4,media/reels/202210/AQMeR0TF_ddG2eDzNf5GeVu3WK9gDAU7_LtPW_N4egpjswQGuBOuGXgYRqgqRFQCpGo6yPO9NheQ01818rtZtYdUZeEoL4l8U2fDSo_17969897803853271.mp4,json
2022-10-03T08:35:37.000Z,1664786137000,reels,AQOu84axY_Y4PBiXiJF9gCpLKtyA0j3KRICRfFXdP66I26hdURlOVXA07fmuTU5kfotXbzC9mkLgdnYin1FoKV9uAXPNaTYaG9fr94_18018682522438125.mp4,media/reels/202210/AQOu84axY_Y4PBiXiJF9gCpLKtyA0j3KRICRfFXdP66I26hdURlOVXA07fmuTU5kfotXbzC9mkLgdnYin1FoKV9uAXPNaTYaG9fr94_18018682522438125.mp4,json
2022-10-05T22:01:02.000Z,1665007262000,reels,AQMAUH0Uypqg5H6VD4cY4mgLptKq4zmfStDydEXF7nc3887hNpxo8FzIOEIIkgaoicFUtj22YDNVWjO6WJZMn3I5AYw8HAp7L_TLA_17988751864578890.mp4,media/reels/202210/AQMAUH0Uypqg5H6VD4cY4mgLptKq4zmfStDydEXF7nc3887hNpxo8FzIOEIIkgaoicFUtj22YDNVWjO6WJZMn3I5AYw8HAp7L_TLA_17988751864578890.mp4,json
2022-10-08T18:00:43.000Z,1665252043000,reels,AQNHixOce5VVmrKoQhJxa5F9BHh8BJSvSiyZ9gAQfAMrz5IXTZ5QOL94EoYnfowfOblzusVtAR5CrMS0U4Ftx0GrYTPetFSiUcH0_17946020249132084.mp4,media/reels/202210/AQNHixOce5VVmrKoQhJxa5F9BHh8BJSvSiyZ9gAQfAMrz5IXTZ5QOL94EoYnfowfOblzusVtAR5CrMS0U4Ftx0GrYTPetFSiUcH0_17946020249132084.mp4,json
2022-10-10T14:11:41.000Z,1665411101000,reels,AQN2HVc3OEXY7mnSpwgtkk13i2ZDHq42Mg7wDW4PalJL2TjNMV_WoCoX81VXh27r8SyCckAQGbpqXON8H5K63_N36RNJa8CH0AXkFA_18312206704071391.mp4,media/reels/202210/AQN2HVc3OEXY7mnSpwgtkk13i2ZDHq42Mg7wDW4PalJL2TjNMV_WoCoX81VXh27r8SyCckAQGbpqXON8H5K63_N36RNJa8CH0AXkFA_18312206704071391.mp4,json
2022-10-12T07:16:20.000Z,1665558980000,reels,AQOu0iPbyHBdTrT_c_ErgmSCWqJH1h6MtJMsoXPiwjJXC5gdo2QBNSKAIFY0xRfqu8cQPaFjPt4aTRxQCUxerGGxgpPbBuI_qvL50Y_17927911064455798.mp4,media/reels/202210/AQOu0iPbyHBdTrT_c_ErgmSCWqJH1h6MtJMsoXPiwjJXC5gdo2QBNSKAIFY0xRfqu8cQPaFjPt4aTRxQCUxerGGxgpPbBuI_qvL50Y_17927911064455798.mp4,json
2022-10-12T17:18:19.000Z,1665595099000,reels,AQO4oH1b5g0dVTm3SSEVmqDaWWKewGjZmUGniQIzEGcWDR_0vCcnOrtEHiqHfPusKK9TXai_mHP4nXjHxzHLm1fQ3xQ6qsOjtU3I_17965148233940312.mp4,media/reels/202210/AQO4oH1b5g0dVTm3SSEVmqDaWWKewGjZmUGniQIzEGcWDR_0vCcnOrtEHiqHfPusKK9TXai_mHP4nXjHxzHLm1fQ3xQ6qsOjtU3I_17965148233940312.mp4,json
2022-10-15T13:56:33.000Z,1665842193000,reels,AQPi3GyaCDhbCIWdlP41f1nbQQj5kJvuGEB0sE2wsbS5ajh7Xmw33npD1ASpT2ac2mYNDbrDlXGRx6JGka6Kvl_3mxffTc1dg9pyw_17960961323046583.mp4,media/reels/202210/AQPi3GyaCDhbCIWdlP41f1nbQQj5kJvuGEB0sE2wsbS5ajh7Xmw33npD1ASpT2ac2mYNDbrDlXGRx6JGka6Kvl_3mxffTc1dg9pyw_17960961323046583.mp4,json
2022-10-17T14:17:03.000Z,1666016223000,reels,AQNS5iWcejGOUqPdz901A9Xl7DtwvZ3TkwIZMgMrPRVCK1LNvPQ1AYGx6vBiHVisN_pg4INkJMGWvRu_L88vuZIwjuPsauehKZ0CYOo_18149284840273731.mp4,media/reels/202210/AQNS5iWcejGOUqPdz901A9Xl7DtwvZ3TkwIZMgMrPRVCK1LNvPQ1AYGx6vBiHVisN_pg4INkJMGWvRu_L88vuZIwjuPsauehKZ0CYOo_18149284840273731.mp4,json
2022-10-17T18:40:50.000Z,1666032050000,reels,AQO0xPQC8QQK6IRHVgs7ZfES96AXB12G7MZDKScmy7k_cUu7zLEMZNaIqM_LQHg8V7jujmEX9UHoeZgGMqxz5VEkf8uXQfKMmGy6SE_17865977135763122.mp4,media/reels/202210/AQO0xPQC8QQK6IRHVgs7ZfES96AXB12G7MZDKScmy7k_cUu7zLEMZNaIqM_LQHg8V7jujmEX9UHoeZgGMqxz5VEkf8uXQfKMmGy6SE_17865977135763122.mp4,json
2022-10-22T16:55:44.000Z,1666457744000,reels,AQNzK7ub7itRD9sUCUR4WlOa4CWNC1GHlUFuHkRtKnTwfuO7kLynSMKosLlCdgmKS1V1Dwtl_MSBj6sSh9HC2ztwt0Cl4Q3rk50jI_17913292952636459.mp4,media/reels/202210/AQNzK7ub7itRD9sUCUR4WlOa4CWNC1GHlUFuHkRtKnTwfuO7kLynSMKosLlCdgmKS1V1Dwtl_MSBj6sSh9HC2ztwt0Cl4Q3rk50jI_17913292952636459.mp4,json
2022-10-24T19:47:23.000Z,1666640843000,reels,AQN3ABuDUhcOvFU16ohC8PnRteVyM3_jxqPDqPUIJJGzC1xYAZhKCnYdWPd3MhH0DYcCw8o8iYGyq1lNPYwlvBodkptxaTnWmWG9_o_17950244939259832.mp4,media/reels/202210/AQN3ABuDUhcOvFU16ohC8PnRteVyM3_jxqPDqPUIJJGzC1xYAZhKCnYdWPd3MhH0DYcCw8o8iYGyq1lNPYwlvBodkptxaTnWmWG9_o_17950244939259832.mp4,json
2022-10-28T09:00:26.000Z,1666947626000,other,313196555_210006968131597_5202106885932931309_n_18312760918064949.jpg,media/other/313196555_210006968131597_5202106885932931309_n_18312760918064949.jpg,json
2022-10-29T17:12:18.000Z,1667063538000,reels,AQPtP0nGlYe0AqGL5QfzPpTFuhwubei8qppLV3geCg75PcP0XEpXGYgmfn2W9UYsqu6CshZhuMWIaUlyw2Vqz6ds3dKUcoGGfnjFo_17914015985635224.mp4,media/reels/202210/AQPtP0nGlYe0AqGL5QfzPpTFuhwubei8qppLV3geCg75PcP0XEpXGYgmfn2W9UYsqu6CshZhuMWIaUlyw2Vqz6ds3dKUcoGGfnjFo_17914015985635224.mp4,json
2022-10-29T18:10:41.000Z,1667067041000,reels,AQPhzSAfNpfHoxO5wrWBh0m22ctLUAyhfr9EzBcuK3xMltnCfAPMpKZ1El2ahWDnLUYo9pK5AWdRHqh06T5q2RrNkspvZt2v6xrdSl4_17985878398579095.mp4,media/reels/202210/AQPhzSAfNpfHoxO5wrWBh0m22ctLUAyhfr9EzBcuK3xMltnCfAPMpKZ1El2ahWDnLUYo9pK5AWdRHqh06T5q2RrNkspvZt2v6xrdSl4_17985878398579095.mp4,json
2022-10-31T17:53:17.000Z,1667238797000,reels,AQOhMzOGP5utuWTsO6E5Y2AsVi8VxzCky8Rz9DyuuUELpyrvRuqF4i76KkFbmyFtcMT0iR8jMa78ys81P1L_dIQnjbED5UQtMpPev4_18241865629126255.mp4,media/reels/202210/AQOhMzOGP5utuWTsO6E5Y2AsVi8VxzCky8Rz9DyuuUELpyrvRuqF4i76KkFbmyFtcMT0iR8jMa78ys81P1L_dIQnjbED5UQtMpPev4_18241865629126255.mp4,json
2022-11-02T17:21:29.000Z,1667409689000,reels,AQOuu_kAi6BY5r6SFDOYbFixWAzl5go4jIqJ9kGMjf_5_7atoq7MUabfdd3mZhFQzCH4QYMQruRg8zjQx71XSLPa8A26AS1IInUcL48_17975850112828314.mp4,media/reels/202211/AQOuu_kAi6BY5r6SFDOYbFixWAzl5go4jIqJ9kGMjf_5_7atoq7MUabfdd3mZhFQzCH4QYMQruRg8zjQx71XSLPa8A26AS1IInUcL48_17975850112828314.mp4,json
2022-11-07T18:18:31.000Z,1667845111000,reels,AQMaPGmsO1pjnfQodPJEwogVSOi9ini29q6swd2eGt6DKXMLdECzj8Iur4MoguZxmUKhFkHKzoSB5iKjvPUIcGlhsORX1hsoQDFuyzY_18321472711063662.mp4,media/reels/202211/AQMaPGmsO1pjnfQodPJEwogVSOi9ini29q6swd2eGt6DKXMLdECzj8Iur4MoguZxmUKhFkHKzoSB5iKjvPUIcGlhsORX1hsoQDFuyzY_18321472711063662.mp4,json
2022-11-09T18:23:14.000Z,1668018194000,reels,AQO7_8_C0t4RI25YwzcDZeyqhTFtpXM7G_LWRZ0nD_MfzMtVrG_2IJeRCMlLvBcTtbwVEL9QdP1XmNEUEW3OFNG261dWxISJMohs_17944851188217975.mp4,media/reels/202211/AQO7_8_C0t4RI25YwzcDZeyqhTFtpXM7G_LWRZ0nD_MfzMtVrG_2IJeRCMlLvBcTtbwVEL9QdP1XmNEUEW3OFNG261dWxISJMohs_17944851188217975.mp4,json
2022-11-12T22:07:52.000Z,1668290872000,reels,AQP9ILymW23ZbNUdflMNui0wKFxJ_dCJVta2w1YxgfSLsvEuySqzBuJqgzYwgVh0i1S2aroujjK0K36ixeAxb_RAh26chcR_fssc_18040874851388336.mp4,media/reels/202211/AQP9ILymW23ZbNUdflMNui0wKFxJ_dCJVta2w1YxgfSLsvEuySqzBuJqgzYwgVh0i1S2aroujjK0K36ixeAxb_RAh26chcR_fssc_18040874851388336.mp4,json
2022-11-13T19:30:54.000Z,1668367854000,other,AQMvORvN55gKndCzGzdsjXgZJeV8SwhY7TK01KyXCyuz9FmnhzzRiRM1TZUpN5dYpEhn_d5HMJ3OIjSkHXeiOA7_17912462429571733.mp4,media/other/AQMvORvN55gKndCzGzdsjXgZJeV8SwhY7TK01KyXCyuz9FmnhzzRiRM1TZUpN5dYpEhn_d5HMJ3OIjSkHXeiOA7_17912462429571733.mp4,json
2022-11-14T22:15:00.000Z,1668464100000,reels,AQPZopQY5Rjye82xLt13JnWrYFnUNPALlPXb_hRXKb4lWJTUyCW29apJ709PXAvQhIpZvTZ1i05UiajLmanHsD4E9DNceaDxyDWYOg_18243080401122948.mp4,media/reels/202211/AQPZopQY5Rjye82xLt13JnWrYFnUNPALlPXb_hRXKb4lWJTUyCW29apJ709PXAvQhIpZvTZ1i05UiajLmanHsD4E9DNceaDxyDWYOg_18243080401122948.mp4,json
2022-11-16T18:12:10.000Z,1668622330000,reels,AQNmNAZ4SMN8N7gtccQamSt6GFNK81Wa1QKVAuLSzOlS_nygaZ4J6NHDUD_hQesXcOaq7K3RgbivYgRN2I0HOwPnOarTTwWQWQMiw_17930914625548119.mp4,media/reels/202211/AQNmNAZ4SMN8N7gtccQamSt6GFNK81Wa1QKVAuLSzOlS_nygaZ4J6NHDUD_hQesXcOaq7K3RgbivYgRN2I0HOwPnOarTTwWQWQMiw_17930914625548119.mp4,json
2022-11-17T15:59:21.000Z,1668700761000,reels,AQMQdXySJ2srp6R95X3bYuFid2BQGeMzSoL2RXT3NN__WGYg6lF5ZfQTGGeVrCzDCgfvVC9AvVZinnpOhGe5iu3b9UZiSueGy43N6SY_18036384706373644.mp4,media/reels/202211/AQMQdXySJ2srp6R95X3bYuFid2BQGeMzSoL2RXT3NN__WGYg6lF5ZfQTGGeVrCzDCgfvVC9AvVZinnpOhGe5iu3b9UZiSueGy43N6SY_18036384706373644.mp4,json
2022-11-18T12:04:54.000Z,1668773094000,reels,AQNGYOpDorgiOWkc6E1R3yBaxZFOHgHh6KPvfE1fevtkxrq9gyaI0lSKMuEa5PgjyrgyORGkXY1gQnN8SR7Be9pKgaq2jDH6On_ZxY_17963884714921288.mp4,media/reels/202211/AQNGYOpDorgiOWkc6E1R3yBaxZFOHgHh6KPvfE1fevtkxrq9gyaI0lSKMuEa5PgjyrgyORGkXY1gQnN8SR7Be9pKgaq2jDH6On_ZxY_17963884714921288.mp4,json
2022-11-21T19:46:47.000Z,1669060007000,reels,AQN5Vm2WEpwacbRbtM57DhI5Y1ARcjIMeNaNV_q5wqy3FWGQOoGmXtKWeBozZTK1OQJ5gEzD6jPGy_Cf0J_kZZS7B2zAwY7kbiXJ0_17850995135870095.mp4,media/reels/202211/AQN5Vm2WEpwacbRbtM57DhI5Y1ARcjIMeNaNV_q5wqy3FWGQOoGmXtKWeBozZTK1OQJ5gEzD6jPGy_Cf0J_kZZS7B2zAwY7kbiXJ0_17850995135870095.mp4,json
2022-11-23T17:58:45.000Z,1669226325000,reels,AQPGEMLeudcUJfMldpMPHv2GvJpnlIRDo2sq1R7rMhzC_tHYQjMNjl7F6G_lekRg1WbYYBzvoWRgJYmjOHqoIZQCCq5ngFmkTSmyI_17985566431662058.mp4,media/reels/202211/AQPGEMLeudcUJfMldpMPHv2GvJpnlIRDo2sq1R7rMhzC_tHYQjMNjl7F6G_lekRg1WbYYBzvoWRgJYmjOHqoIZQCCq5ngFmkTSmyI_17985566431662058.mp4,json
2022-11-28T17:01:07.000Z,1669654867000,reels,AQOrwLVfX1D0kaNyvkmvWSeW9k_Xv6xtVQGdnhzXX7iWKsX899P6QdYVWOw_uTVZ4LdZhCE1EHidR2jZNmQPfR4q4cAFTegYxuSj4_17974896406895617.mp4,media/reels/202211/AQOrwLVfX1D0kaNyvkmvWSeW9k_Xv6xtVQGdnhzXX7iWKsX899P6QdYVWOw_uTVZ4LdZhCE1EHidR2jZNmQPfR4q4cAFTegYxuSj4_17974896406895617.mp4,json
2022-11-30T17:09:03.000Z,1669828143000,reels,AQO3cmvty6IpiQs1atenPCuZmiR1cxN3sJXH8F58KqO8lPSP7Sn4L4sPsjODoc7nsU4wnGWWHjFFy5spVmP8aJ2B1XPpx6LHyre_fd8_18319102951064215.mp4,media/reels/202211/AQO3cmvty6IpiQs1atenPCuZmiR1cxN3sJXH8F58KqO8lPSP7Sn4L4sPsjODoc7nsU4wnGWWHjFFy5spVmP8aJ2B1XPpx6LHyre_fd8_18319102951064215.mp4,json
2022-11-30T22:27:34.000Z,1669847254000,reels,AQPjo4SIc7AGH8nyMegJsvseRKVfFFe0LXFR4hq_yIqvI6HFTrrdSsJIYk8A_xrK_mJHCCScS5gnby7zfRJcjdY62wkxr1LRDvwGM_17995598128586556.mp4,media/reels/202211/AQPjo4SIc7AGH8nyMegJsvseRKVfFFe0LXFR4hq_yIqvI6HFTrrdSsJIYk8A_xrK_mJHCCScS5gnby7zfRJcjdY62wkxr1LRDvwGM_17995598128586556.mp4,json
2022-12-04T18:32:10.000Z,1670178730000,reels,AQMVm8NMC_ebV_KfxZPDkLBRmnB8L1WlrBRoAzcbj0zKvbDW9J9VfsbGpUA48NZTLhv89_WCLPFp9Vtx7SFvaqEuBRBvdMgC6tt1dk_17954033423495024.mp4,media/reels/202212/AQMVm8NMC_ebV_KfxZPDkLBRmnB8L1WlrBRoAzcbj0zKvbDW9J9VfsbGpUA48NZTLhv89_WCLPFp9Vtx7SFvaqEuBRBvdMgC6tt1dk_17954033423495024.mp4,json
2022-12-07T17:34:02.000Z,1670434442000,reels,AQOVTSRJcKZc43dms1y6QShsg_DzWeTGDDdO23GT38JwwR8P0bCYX3W5NfBgJoZqjWCmcRxlDDUmC0LghJPYknwDEqQpMK6MGBOb8_17846026865896590.mp4,media/reels/202212/AQOVTSRJcKZc43dms1y6QShsg_DzWeTGDDdO23GT38JwwR8P0bCYX3W5NfBgJoZqjWCmcRxlDDUmC0LghJPYknwDEqQpMK6MGBOb8_17846026865896590.mp4,json
2022-12-07T19:33:54.000Z,1670441634000,reels,AQMPvq_PmE0wnrbiHifuDm8OXCS6JSFcZFurf6J9SQxRuGOl8sx1qcS_TT3ERtrCHHWjl7aWqUhvGYRsRGGkXHlUZgR_10ceiX7Vk_17973056113908824.mp4,media/reels/202212/AQMPvq_PmE0wnrbiHifuDm8OXCS6JSFcZFurf6J9SQxRuGOl8sx1qcS_TT3ERtrCHHWjl7aWqUhvGYRsRGGkXHlUZgR_10ceiX7Vk_17973056113908824.mp4,json
2022-12-11T11:56:37.000Z,1670759797000,reels,AQMhZPr8VxkRsxAthWX8tUr4jfMMyYp2JMcH7UlXQ8c2uw2va5_b3PrMt4il4Xxa97sYped884bO1uvXyA_Mscemfw4HdN1syQTrTY_17975043712798170.mp4,media/reels/202212/AQMhZPr8VxkRsxAthWX8tUr4jfMMyYp2JMcH7UlXQ8c2uw2va5_b3PrMt4il4Xxa97sYped884bO1uvXyA_Mscemfw4HdN1syQTrTY_17975043712798170.mp4,json
2022-12-16T18:35:24.000Z,1671215724000,reels,AQMbj0_mHTdxzuRxKcemNafVSQoJHnR6m1aZ_xPZ8vSmeAtn6jOSCOSlg0E6Q6dx6QZ6EhVZs2JnMJLmVOO4QydBk_1xd4g25fFfqxc_17886413033704503.mp4,media/reels/202212/AQMbj0_mHTdxzuRxKcemNafVSQoJHnR6m1aZ_xPZ8vSmeAtn6jOSCOSlg0E6Q6dx6QZ6EhVZs2JnMJLmVOO4QydBk_1xd4g25fFfqxc_17886413033704503.mp4,json
2022-12-17T19:29:48.000Z,1671305388000,reels,AQMQlAfLJnCEkL_gJsij1rT5sDXEdKAjbuJJSGHkCMQ83bfMcjEomefI7cgdQPWubZNNQ0fXARfyJvlzrmSOyTtUd15pwLmHibjuIAk_17968345136022025.mp4,media/reels/202212/AQMQlAfLJnCEkL_gJsij1rT5sDXEdKAjbuJJSGHkCMQ83bfMcjEomefI7cgdQPWubZNNQ0fXARfyJvlzrmSOyTtUd15pwLmHibjuIAk_17968345136022025.mp4,json
2022-12-17T21:14:18.000Z,1671311658000,reels,AQOvpZw3k25A1cphylXM4W_qiHB77_GkJU3I1q7zfgwbLsofChNe3D29N2C0kGWobqb9c6lyXaK62CzlCmU9qNpEBAClxAhr38IOs_17970078112996396.mp4,media/reels/202212/AQOvpZw3k25A1cphylXM4W_qiHB77_GkJU3I1q7zfgwbLsofChNe3D29N2C0kGWobqb9c6lyXaK62CzlCmU9qNpEBAClxAhr38IOs_17970078112996396.mp4,json
2022-12-18T12:42:52.000Z,1671367372000,other,320832335_204340268638224_6761761655477328001_n_18040969321398553.jpg,media/other/320832335_204340268638224_6761761655477328001_n_18040969321398553.jpg,json
2022-12-23T14:04:51.000Z,1671804291000,other,321614114_862727145176024_7941292646102452929_n_17938040588421113.jpg,media/other/321614114_862727145176024_7941292646102452929_n_17938040588421113.jpg,json
2022-12-25T22:07:34.000Z,1672006054000,reels,AQPNuOIaxu2Wk_aNcmproVVXRpMniBDbB99GF2_pGE6wfqAJuVOMFkHwx3dVumJefX_dviS8UDlfC9w72REWHcukFb6Dhmmtz0Zzw_18019432834464356.mp4,media/reels/202212/AQPNuOIaxu2Wk_aNcmproVVXRpMniBDbB99GF2_pGE6wfqAJuVOMFkHwx3dVumJefX_dviS8UDlfC9w72REWHcukFb6Dhmmtz0Zzw_18019432834464356.mp4,json
2022-12-31T17:34:14.000Z,1672508054000,other,322671928_1766683910371925_3394748633387019907_n_17969779568072455.jpg,media/other/322671928_1766683910371925_3394748633387019907_n_17969779568072455.jpg,json
2023-01-08T21:43:35.000Z,1673214215000,reels,AQPEi5rRDSLC_4FZywL2v_JTeKPpWJcx811pGTFaXXVRM81NlfeuLMgz1KYXU2aDDTQi2xh3oxckASUA3J6sf9sChr3L3swGhmF2nY_17890128527698492.mp4,media/reels/202301/AQPEi5rRDSLC_4FZywL2v_JTeKPpWJcx811pGTFaXXVRM81NlfeuLMgz1KYXU2aDDTQi2xh3oxckASUA3J6sf9sChr3L3swGhmF2nY_17890128527698492.mp4,json
2023-01-12T19:53:33.000Z,1673553213000,other,324882938_564212939091842_8550922020869132028_n_17966451479128552.jpg,media/other/324882938_564212939091842_8550922020869132028_n_17966451479128552.jpg,json
2023-01-13T19:47:39.000Z,1673639259000,reels,AQPt2wzuPuvlMZC_Gnw_sBtkkFoNklzXGUhswpbUKH_x6w4Kg4MxTDeVU6peSLSRPb6GYLfWYKSNcve7WFFHaKfFhd1UoA9k5T0Q_18069009121347605.mp4,media/reels/202301/AQPt2wzuPuvlMZC_Gnw_sBtkkFoNklzXGUhswpbUKH_x6w4Kg4MxTDeVU6peSLSRPb6GYLfWYKSNcve7WFFHaKfFhd1UoA9k5T0Q_18069009121347605.mp4,json
2023-01-19T12:18:46.000Z,1674130726000,reels,AQMyEnGbu5P9cCFcfER5yvrRHN9Vp_DvsHY0_tpgIUY1yRxb0G6wRZsrxtJF46P6jQkZAAEZGUy2wN9ZuBux5kkvxYqZkridCDwns_17985267973835459.mp4,media/reels/202301/AQMyEnGbu5P9cCFcfER5yvrRHN9Vp_DvsHY0_tpgIUY1yRxb0G6wRZsrxtJF46P6jQkZAAEZGUy2wN9ZuBux5kkvxYqZkridCDwns_17985267973835459.mp4,json
2023-01-22T19:01:29.000Z,1674414089000,reels,AQOWkl6JUr4DIVGBiAGzrc7MwcuTWeteZUgTPu4I143ergSJfDtYK3p9_AW5xwYRy3xZ_pJf9NY7Pg6TyTBQsF0PqjB01d4n_3N0FiQ_17894144762754064.mp4,media/reels/202301/AQOWkl6JUr4DIVGBiAGzrc7MwcuTWeteZUgTPu4I143ergSJfDtYK3p9_AW5xwYRy3xZ_pJf9NY7Pg6TyTBQsF0PqjB01d4n_3N0FiQ_17894144762754064.mp4,json
2023-01-25T23:32:09.000Z,1674689529000,reels,AQMKSbOPRgSW6rxFtYML94_743jqCT_ilkEExEMLpOU_biDLpefte3H5IRJk5fPeLZDAcrfzmLJmo1AsSsbmyiGKih12g_1Scpbng_17967127931022459.mp4,media/reels/202301/AQMKSbOPRgSW6rxFtYML94_743jqCT_ilkEExEMLpOU_biDLpefte3H5IRJk5fPeLZDAcrfzmLJmo1AsSsbmyiGKih12g_1Scpbng_17967127931022459.mp4,json
2023-01-27T18:33:47.000Z,1674844427000,reels,AQNR3KLfjcRhSoou4UnnwNZyn_JntdQXh_ZL48khB0HmJnhQVSO862OYBOXD8O7s5sb9MeomcFLe78402jQMq0xe46moxy5CGqy64_17859063893879419.mp4,media/reels/202301/AQNR3KLfjcRhSoou4UnnwNZyn_JntdQXh_ZL48khB0HmJnhQVSO862OYBOXD8O7s5sb9MeomcFLe78402jQMq0xe46moxy5CGqy64_17859063893879419.mp4,json
2023-01-27T22:24:08.000Z,1674858248000,reels,AQNRmDOg704mAuh_Oybhe01QaOllKsPsuxahYnNlSzkzRXz2Dcx_2SVOQEQSqFHMaVzGBvfLFNRCBhKbSkcVw7EDIuNYLdqi0T9Ktg_18227159149160901.mp4,media/reels/202301/AQNRmDOg704mAuh_Oybhe01QaOllKsPsuxahYnNlSzkzRXz2Dcx_2SVOQEQSqFHMaVzGBvfLFNRCBhKbSkcVw7EDIuNYLdqi0T9Ktg_18227159149160901.mp4,json
2023-01-31T14:19:06.000Z,1675174746000,reels,AQN6NcLWQdKzVil7q_9bVGI0ivif7sRbIgs_4YwZN79yh37PqQCh1wKkzj9nlVNZqXSgG5OHmy8gtUWQvnK7QMzGRPD5wNm0TnDa0E_17984327758881201.mp4,media/reels/202301/AQN6NcLWQdKzVil7q_9bVGI0ivif7sRbIgs_4YwZN79yh37PqQCh1wKkzj9nlVNZqXSgG5OHmy8gtUWQvnK7QMzGRPD5wNm0TnDa0E_17984327758881201.mp4,json
2023-02-04T16:11:58.000Z,1675527118000,other,328563774_130373823272579_3921623790709291794_n_17964782447225368.jpg,media/other/328563774_130373823272579_3921623790709291794_n_17964782447225368.jpg,json
2023-02-04T21:30:21.000Z,1675546221000,reels,AQP3s8CHuGUPh5dGk6bPXMvSeHUaVMfkbO8yNbvlPW9n3U827HxOysLoxKuLcNkyOjJ0kdRGhgMNEwbEUQvdfUG3TU6u6yO1ARPWKk_18046643875372904.mp4,media/reels/202302/AQP3s8CHuGUPh5dGk6bPXMvSeHUaVMfkbO8yNbvlPW9n3U827HxOysLoxKuLcNkyOjJ0kdRGhgMNEwbEUQvdfUG3TU6u6yO1ARPWKk_18046643875372904.mp4,json
2023-02-06T21:23:43.000Z,1675718623000,reels,AQNQDccf67s28jKGFho7GEYlaFW0vHBMUG0pfn0EXnSDsXXJhd5gGGq8zo8pqWkPI4JPR4YuhWb_k2SxiFtL20jtDidfenuMRrdxi8_17953508738388301.mp4,media/reels/202302/AQNQDccf67s28jKGFho7GEYlaFW0vHBMUG0pfn0EXnSDsXXJhd5gGGq8zo8pqWkPI4JPR4YuhWb_k2SxiFtL20jtDidfenuMRrdxi8_17953508738388301.mp4,json
2023-02-10T18:52:40.000Z,1676055160000,reels,AQPVQlYrvEs_2Nu3U1fKgNU2lOE6XKjFCycddznGCTN0tvb6108ZwrsG7HOCGPJ279tz2f4XkMYmjXbh9OA9tL4e_QEaeVslKUOh4_18046560421407594.mp4,media/reels/202302/AQPVQlYrvEs_2Nu3U1fKgNU2lOE6XKjFCycddznGCTN0tvb6108ZwrsG7HOCGPJ279tz2f4XkMYmjXbh9OA9tL4e_QEaeVslKUOh4_18046560421407594.mp4,json
2023-02-18T15:00:44.000Z,1676732444000,reels,AQMPsAwScNckF3HivwfMnuMXyWWviFG33vITDRR5pkNy3YWbTL_sVnIS1XQKynFfmZ1wVh8E5tzzWkLPZt30twqGvQNx7uT900SI_17963690765508425.mp4,media/reels/202302/AQMPsAwScNckF3HivwfMnuMXyWWviFG33vITDRR5pkNy3YWbTL_sVnIS1XQKynFfmZ1wVh8E5tzzWkLPZt30twqGvQNx7uT900SI_17963690765508425.mp4,json
2023-02-24T18:42:10.000Z,1677264130000,reels,AQP52FjrrJFVfqLX49eqkxctjUNDJgzxTxJm6_IbODgqQzneZ7JWNFuvnKCfK5s0iUidlRMOkJr6jmKtJoU70PTRL1XpurTCev0f8YE_18027324403467045.mp4,media/reels/202302/AQP52FjrrJFVfqLX49eqkxctjUNDJgzxTxJm6_IbODgqQzneZ7JWNFuvnKCfK5s0iUidlRMOkJr6jmKtJoU70PTRL1XpurTCev0f8YE_18027324403467045.mp4,json
2023-02-24T20:07:47.000Z,1677269267000,reels,AQN5c4mxXXyQi_GAegjZNPQFjzHTQ4MKRm7ohjj88jZjjTVwqZMKw85ejRULcge0fKnSMmoDavzml1NmyzAn3WWxGvNtokSdJm0KtmA_17965360544251877.mp4,media/reels/202302/AQN5c4mxXXyQi_GAegjZNPQFjzHTQ4MKRm7ohjj88jZjjTVwqZMKw85ejRULcge0fKnSMmoDavzml1NmyzAn3WWxGvNtokSdJm0KtmA_17965360544251877.mp4,json
2023-02-24T21:07:16.000Z,1677272836000,reels,AQNyqg6rdxf9HPp22aBTJpRtp1LNKgBR1VqFV7zS75fHBQz0x77RjrkyhPUb2Bj4bHYUzXx2dDP25qC6MCyoOgV4zI1HG1AP5mbc_17983276030899924.mp4,media/reels/202302/AQNyqg6rdxf9HPp22aBTJpRtp1LNKgBR1VqFV7zS75fHBQz0x77RjrkyhPUb2Bj4bHYUzXx2dDP25qC6MCyoOgV4zI1HG1AP5mbc_17983276030899924.mp4,json
2023-03-01T18:37:24.000Z,1677695844000,other,333872445_758214618860516_8495672412996918704_n_17870653604850201.jpg,media/other/333872445_758214618860516_8495672412996918704_n_17870653604850201.jpg,json
2023-03-02T15:57:07.000Z,1677772627000,reels,AQOYZ7ms0K6X4rNWYYncO5xgljUVLTl9Zbe1ahA68QQ700Udu9d9b6EP8cmvHGxMiiottNENuxYT0Rp_jUMv1n6MoKGrhiqqZJz1HKY_17944631372443970.mp4,media/reels/202303/AQOYZ7ms0K6X4rNWYYncO5xgljUVLTl9Zbe1ahA68QQ700Udu9d9b6EP8cmvHGxMiiottNENuxYT0Rp_jUMv1n6MoKGrhiqqZJz1HKY_17944631372443970.mp4,json
2023-03-06T17:54:58.000Z,1678125298000,reels,AQMVHMXlN4UKZXYmNEi68awsNPvfxFN2txK5SliXL_QMeBfAQxzVR0LP4TnqNtHYrXQrNmyJrEgad4LfV2xKjCpC0YkrwH4rzRsXUY_17853496514928163.mp4,media/reels/202303/AQMVHMXlN4UKZXYmNEi68awsNPvfxFN2txK5SliXL_QMeBfAQxzVR0LP4TnqNtHYrXQrNmyJrEgad4LfV2xKjCpC0YkrwH4rzRsXUY_17853496514928163.mp4,json
2023-03-10T18:12:35.000Z,1678471955000,reels,AQN7f2AXLoDhsoHuAhcKoFHsoZua5PDeHWVPNO9Pydprfd9yPwiRuGoIMUxc_MYOJvj8RV6PnjHyoFUlY4pQVz80aZiSXpa9WoDpRc_18014670169528759.mp4,media/reels/202303/AQN7f2AXLoDhsoHuAhcKoFHsoZua5PDeHWVPNO9Pydprfd9yPwiRuGoIMUxc_MYOJvj8RV6PnjHyoFUlY4pQVz80aZiSXpa9WoDpRc_18014670169528759.mp4,json
2023-03-10T21:01:24.000Z,1678482084000,reels,AQMmAUC2DhsvKtiotRRrjSCSWnBg7GxdICSygCuE7d6vS3qxLZs2l2MCyl4tPBbu6NVfShgyA54Yl_SiA8of0a1pk4W_vhHQS9_rcLY_17992991209809752.mp4,media/reels/202303/AQMmAUC2DhsvKtiotRRrjSCSWnBg7GxdICSygCuE7d6vS3qxLZs2l2MCyl4tPBbu6NVfShgyA54Yl_SiA8of0a1pk4W_vhHQS9_rcLY_17992991209809752.mp4,json
2023-03-11T21:12:02.000Z,1678569122000,reels,AQNi0O3bSnC7Na3FuB0Hwmqg0pxz7GF9kvc2Hhl7STOe0SWufhCCfC6nk1rSWXIF6Zqa0NbA1AxeOUku_2xnypOuENgm6VOqJp90M_17946231449541702.mp4,media/reels/202303/AQNi0O3bSnC7Na3FuB0Hwmqg0pxz7GF9kvc2Hhl7STOe0SWufhCCfC6nk1rSWXIF6Zqa0NbA1AxeOUku_2xnypOuENgm6VOqJp90M_17946231449541702.mp4,json
2023-03-18T17:39:07.000Z,1679161147000,reels,AQOxWr30tJXZE9XQCtHwTvtltaqzIuxWd_JWDraCTbWCNHm15tEBkUSsg9cHx1_I_HryIzAX2Nxd126tbeXO66DEDk8bMCgaaLGmXvg_17963750702165790.mp4,media/reels/202303/AQOxWr30tJXZE9XQCtHwTvtltaqzIuxWd_JWDraCTbWCNHm15tEBkUSsg9cHx1_I_HryIzAX2Nxd126tbeXO66DEDk8bMCgaaLGmXvg_17963750702165790.mp4,json
2023-03-24T20:25:36.000Z,1679689536000,reels,AQPe1DTpQ0gtNRDKN79Rz0Y4iEsmyXKOIuxTsbOTMA0Y0dW4hoxtUlcBfMORpLrsV9Oj8r6FpLvT4CSq1LmOBMFqp2jcymvdfL7wxBs_17976687626121854.mp4,media/reels/202303/AQPe1DTpQ0gtNRDKN79Rz0Y4iEsmyXKOIuxTsbOTMA0Y0dW4hoxtUlcBfMORpLrsV9Oj8r6FpLvT4CSq1LmOBMFqp2jcymvdfL7wxBs_17976687626121854.mp4,json
2023-03-25T13:38:36.000Z,1679751516000,reels,AQN6LMPN48w7X5gufBZSOdoEErgAu3J_XSuKv6paHxv371ysX_2siGrywM5VSTDx0zGy5qrMHha8RV_97K7UffxSDav44AdPKW2LM2c_17968753529503345.mp4,media/reels/202303/AQN6LMPN48w7X5gufBZSOdoEErgAu3J_XSuKv6paHxv371ysX_2siGrywM5VSTDx0zGy5qrMHha8RV_97K7UffxSDav44AdPKW2LM2c_17968753529503345.mp4,json
2023-04-01T15:00:12.000Z,1680361212000,reels,AQMDs6DNDMIWP6sPf8_B3rPDuczLAr4AyaCwmfNdapXTNd5iD_svTuo9kZS5LsqhBWjCpRyiiBiLF4j1us3pyHEBoqRGV5RYA2BM_17883554378818084.mp4,media/reels/202304/AQMDs6DNDMIWP6sPf8_B3rPDuczLAr4AyaCwmfNdapXTNd5iD_svTuo9kZS5LsqhBWjCpRyiiBiLF4j1us3pyHEBoqRGV5RYA2BM_17883554378818084.mp4,json
2023-04-01T19:48:43.000Z,1680378523000,reels,AQNvJZ6q_KGwv5jxqR758hMm2EV1_qZj0iHfrykN_W7Mu2WC3xS2k6_r2HaXyG1yPAXnYUN1k6Z6Ae6UN5LZoklcbHcy6G64QzoM_17987215963934297.mp4,media/reels/202304/AQNvJZ6q_KGwv5jxqR758hMm2EV1_qZj0iHfrykN_W7Mu2WC3xS2k6_r2HaXyG1yPAXnYUN1k6Z6Ae6UN5LZoklcbHcy6G64QzoM_17987215963934297.mp4,json
2023-04-16T17:19:38.000Z,1681665578000,reels,AQN2uXM3CP12TCFyWDhu59W689N48c_iSrQkJOnVecO7EqUDxzqVPRKLmcUjyS3QQtNKU1Bs9sUjZ96DqZE3EwnyBzrFQLvGKtk4_17910590036737965.mp4,media/reels/202304/AQN2uXM3CP12TCFyWDhu59W689N48c_iSrQkJOnVecO7EqUDxzqVPRKLmcUjyS3QQtNKU1Bs9sUjZ96DqZE3EwnyBzrFQLvGKtk4_17910590036737965.mp4,json
2023-04-19T17:01:08.000Z,1681923668000,reels,AQP2521ZvCOnH3bS6gzlXNUSWd7WR8sDSJ63TMP_zToNAfv9SDlSAJsaIaE_LiUGS2kjyKIKmM0sq62PIWy36S01xYOLxH5pt9Cf1Qw_17857948862907761.mp4,media/reels/202304/AQP2521ZvCOnH3bS6gzlXNUSWd7WR8sDSJ63TMP_zToNAfv9SDlSAJsaIaE_LiUGS2kjyKIKmM0sq62PIWy36S01xYOLxH5pt9Cf1Qw_17857948862907761.mp4,json
2023-04-21T17:58:38.000Z,1682099918000,reels,AQPuV0ZtPnBkJYMcb4PB0bZZGyTrUEYVIqRgU5NtBQfDiC_GNZxYdF7LtQ_BnPO2hO0WQYv5PwdUCt70c1AzsArFzq50GNtZX0YyPk_17977377824018389.mp4,media/reels/202304/AQPuV0ZtPnBkJYMcb4PB0bZZGyTrUEYVIqRgU5NtBQfDiC_GNZxYdF7LtQ_BnPO2hO0WQYv5PwdUCt70c1AzsArFzq50GNtZX0YyPk_17977377824018389.mp4,json
2023-04-21T21:16:09.000Z,1682111769000,reels,AQPT_nz6ghOmEm_75pzpPADHWgHTI57IuAwFumERiQ1zi0DC0kExPUcQJewK_KR0RCRb1ByZ9KvTgvYHPRliN_950378UdhfbCf7Wk_17986721080956291.mp4,media/reels/202304/AQPT_nz6ghOmEm_75pzpPADHWgHTI57IuAwFumERiQ1zi0DC0kExPUcQJewK_KR0RCRb1ByZ9KvTgvYHPRliN_950378UdhfbCf7Wk_17986721080956291.mp4,json
2023-04-29T14:19:23.000Z,1682777963000,other,343617313_244372541587950_914686852515694491_n_17988691297950761.jpg,media/other/343617313_244372541587950_914686852515694491_n_17988691297950761.jpg,json
2023-05-01T07:41:57.000Z,1682926917000,reels,AQOYRxqE1QV6mNS1yeMwjRvfJQ5o5yf9mw2jnVnz8NHlxD8zK70h9lMfS8vUAnW4vsObo1zhT_donzl9OfirhIz5VgAuvpdmWlU_18015032065571674.mp4,media/reels/202305/AQOYRxqE1QV6mNS1yeMwjRvfJQ5o5yf9mw2jnVnz8NHlxD8zK70h9lMfS8vUAnW4vsObo1zhT_donzl9OfirhIz5VgAuvpdmWlU_18015032065571674.mp4,json
2023-05-03T08:28:06.000Z,1683102486000,other,344346930_963695554988365_7266245113192391219_n_17970498911466828.jpg,media/other/344346930_963695554988365_7266245113192391219_n_17970498911466828.jpg,json
2023-05-05T17:52:49.000Z,1683309169000,reels,AQMG90A1LMIVu_S5zlmSRC3tAEuVLRCkPX_mPSaobXc5TAg72XJu6IEuZIqsCVs0ih95UTtJoBcNjNxg9Np4ouBIAVCQxsntx7p_U_17937591470646166.mp4,media/reels/202305/AQMG90A1LMIVu_S5zlmSRC3tAEuVLRCkPX_mPSaobXc5TAg72XJu6IEuZIqsCVs0ih95UTtJoBcNjNxg9Np4ouBIAVCQxsntx7p_U_17937591470646166.mp4,json
2023-05-05T20:08:44.000Z,1683317324000,reels,AQNd7Y_jmv8FuB9nGi2usX_ApFBepFuoCyJbVrSc4arT3vRHlSRxsZe3kKbGO_5BKeFlAZmcVcI3eFlaAqu3zzLsz9fFOL78jgYjQMU_18227975842206294.mp4,media/reels/202305/AQNd7Y_jmv8FuB9nGi2usX_ApFBepFuoCyJbVrSc4arT3vRHlSRxsZe3kKbGO_5BKeFlAZmcVcI3eFlaAqu3zzLsz9fFOL78jgYjQMU_18227975842206294.mp4,json
2023-05-05T20:15:25.000Z,1683317725000,other,345284707_1672724393155621_8435965807087268655_n_17955076664590549.jpg,media/other/345284707_1672724393155621_8435965807087268655_n_17955076664590549.jpg,json
2023-05-14T08:58:23.000Z,1684054703000,reels,AQOBlD6XKdalYaVDKNz0znySIxMZElUGPsl3bvPgm8t3pN5aZHXx3Ad_r0_lc6OEd_FluoUsQee94a4Yadn1hJLqxSVh4Tsi4cwwgc_17929449029689823.mp4,media/reels/202305/AQOBlD6XKdalYaVDKNz0znySIxMZElUGPsl3bvPgm8t3pN5aZHXx3Ad_r0_lc6OEd_FluoUsQee94a4Yadn1hJLqxSVh4Tsi4cwwgc_17929449029689823.mp4,json
2023-05-19T13:04:05.000Z,1684501445000,reels,AQPudpX08qkmFYttmtxRVX9X764sVCTm_lOI4nP2bxC81ZpITu215vBulOutnprzaZnp6mDmiaVlzBqQ6x9uqp3fUs9F_mHQ7_3w3Q_17916730859652017.mp4,media/reels/202305/AQPudpX08qkmFYttmtxRVX9X764sVCTm_lOI4nP2bxC81ZpITu215vBulOutnprzaZnp6mDmiaVlzBqQ6x9uqp3fUs9F_mHQ7_3w3Q_17916730859652017.mp4,json
2023-05-19T20:29:00.000Z,1684528140000,reels,AQN6YQBzAGU27CvyNPhrW2mGVAPgDSoQ8SOdaTtISWvKnRvdRcGoOaRZoyfdY4mDKm7EfUgcauu7qbENcL1sfjetABEkA1hnNLFfr4_17876615627875777.mp4,media/reels/202305/AQN6YQBzAGU27CvyNPhrW2mGVAPgDSoQ8SOdaTtISWvKnRvdRcGoOaRZoyfdY4mDKm7EfUgcauu7qbENcL1sfjetABEkA1hnNLFfr4_17876615627875777.mp4,json
2023-05-28T12:56:57.000Z,1685278617000,reels,AQMFRqERTg7SMeUTbOoowEq81e1wrV0BmAQE5TvC3IQPBKobU_XSaSkzSdtERB8Udr2s8pQHUKjD6itRfj8vY1jviMNa2mW_6E_17998549339854746.mp4,media/reels/202305/AQMFRqERTg7SMeUTbOoowEq81e1wrV0BmAQE5TvC3IQPBKobU_XSaSkzSdtERB8Udr2s8pQHUKjD6itRfj8vY1jviMNa2mW_6E_17998549339854746.mp4,json
2023-06-02T17:06:47.000Z,1685725607000,reels,AQNARVs_xXXMteOSdpQaKqRm44d_SF8SJ7K96PpQE79vhhvJH6TGZWrw2X2ldlEd2CkSYV_DyCzPmAc0XgoqyxE5gAxvpMQd2pfGzyw_17860644626950553.mp4,media/reels/202306/AQNARVs_xXXMteOSdpQaKqRm44d_SF8SJ7K96PpQE79vhhvJH6TGZWrw2X2ldlEd2CkSYV_DyCzPmAc0XgoqyxE5gAxvpMQd2pfGzyw_17860644626950553.mp4,json
2023-06-02T19:46:33.000Z,1685735193000,other,350933845_924114802178395_8028311844990321363_n_17896624604750552.jpg,media/other/350933845_924114802178395_8028311844990321363_n_17896624604750552.jpg,json
2023-06-02T20:48:56.000Z,1685738936000,reels,AQP7CCtpOHlfoWHwG67fayMKPFqppb3GmTs9oK_vKaiGEWzwHIXDWmTw0gw8ToEBZwVCSGsvV9_TOsqLOFY24xnYRi32zWQADTaTY_18011082274629181.mp4,media/reels/202306/AQP7CCtpOHlfoWHwG67fayMKPFqppb3GmTs9oK_vKaiGEWzwHIXDWmTw0gw8ToEBZwVCSGsvV9_TOsqLOFY24xnYRi32zWQADTaTY_18011082274629181.mp4,json
2023-06-11T16:35:50.000Z,1686501350000,reels,AQMZMC2w5ilIDXA2oswmKYO9mV8zqjIftT9LmSXMOV6vcgfZARlnUayXjOMw_8XeQP7dDUxRc4iTPyuk4i1Y6_9ldk8Gat48wIpWIM_17843988234007193.mp4,media/reels/202306/AQMZMC2w5ilIDXA2oswmKYO9mV8zqjIftT9LmSXMOV6vcgfZARlnUayXjOMw_8XeQP7dDUxRc4iTPyuk4i1Y6_9ldk8Gat48wIpWIM_17843988234007193.mp4,json
2023-06-25T16:03:57.000Z,1687709037000,reels,AQPhSOWbmnc7QocDD1zEv75GtA7kdrMlShKxveg2LfSb_aKMVAX8_JNqKJQ121vyJdtRJbcTuKe425NOOnUx7DrLMLZCjh_G54A_17870111855929039.mp4,media/reels/202306/AQPhSOWbmnc7QocDD1zEv75GtA7kdrMlShKxveg2LfSb_aKMVAX8_JNqKJQ121vyJdtRJbcTuKe425NOOnUx7DrLMLZCjh_G54A_17870111855929039.mp4,json
2023-07-08T18:20:43.000Z,1688840443000,other,358336245_3434550663465680_3907689428628851980_n_17985218168228467.jpg,media/other/358336245_3434550663465680_3907689428628851980_n_17985218168228467.jpg,json
2023-07-09T15:50:50.000Z,1688917850000,reels,AQPTdlEFrh9Kq08PRwYrPaiOsQhu9naxdSxLldINL8rSfrXLEIZinqDQvWha_qqVyOUoI7jEMOkG19pvE9vfPJKEILXGxfUctLN8Ts_17980423745109470.mp4,media/reels/202307/AQPTdlEFrh9Kq08PRwYrPaiOsQhu9naxdSxLldINL8rSfrXLEIZinqDQvWha_qqVyOUoI7jEMOkG19pvE9vfPJKEILXGxfUctLN8Ts_17980423745109470.mp4,json
2023-07-14T22:21:59.000Z,1689373319000,reels,AQOTkkk6RcPpH5LW75UFiVVUi5zXjsmPnpsv7AuXGLMNLIqi1SMnlFAGZKyZkJgkh_SQ42WXeG1IGVvEHkISCays9FXjaIar9ec_18374006440055986.mp4,media/reels/202307/AQOTkkk6RcPpH5LW75UFiVVUi5zXjsmPnpsv7AuXGLMNLIqi1SMnlFAGZKyZkJgkh_SQ42WXeG1IGVvEHkISCays9FXjaIar9ec_18374006440055986.mp4,json
2023-07-22T17:18:47.000Z,1690046327000,reels,AQMNYjHuO4GUl5i2KuM5HSmkqSENVWyb2F1DOUKZuUk7DCUOON3gWoow59t7RFzUcunVMmUY9xXVYRHjovo1V6QMUs_BERh0vAiy0_17951212517513701.mp4,media/reels/202307/AQMNYjHuO4GUl5i2KuM5HSmkqSENVWyb2F1DOUKZuUk7DCUOON3gWoow59t7RFzUcunVMmUY9xXVYRHjovo1V6QMUs_BERh0vAiy0_17951212517513701.mp4,json
2023-07-24T10:49:43.000Z,1690195783000,reels,AQOWYWI_j85SSj0G7_WtY6WPWm8GejsmZQhaMO2ePJN3d86uhSGNXjVN2FFBTb4ZAPjjler9O52JuVN3QcL6W68M4a4ygS1EyZ9ojw_17996678069058028.mp4,media/reels/202307/AQOWYWI_j85SSj0G7_WtY6WPWm8GejsmZQhaMO2ePJN3d86uhSGNXjVN2FFBTb4ZAPjjler9O52JuVN3QcL6W68M4a4ygS1EyZ9ojw_17996678069058028.mp4,json
2023-07-28T18:25:14.000Z,1690568714000,reels,AQNY1D9Jc_le4QLn6HhjBS02sskhgtBl0P4pVhr1sqCuQZsn0M2ETc8HiWhUVIQhbULizan5ggp_ApAoS_pildKczqgHkbb0J3CO8c_18003446416924052.mp4,media/reels/202307/AQNY1D9Jc_le4QLn6HhjBS02sskhgtBl0P4pVhr1sqCuQZsn0M2ETc8HiWhUVIQhbULizan5ggp_ApAoS_pildKczqgHkbb0J3CO8c_18003446416924052.mp4,json
2023-07-28T20:13:15.000Z,1690575195000,reels,AQOhGKuG0TiWN4DYXswcRzIATctBZBp8JCPsxGsRWrTpEo4U2nYuRnjoc9ABFrmXkxFkFsI9w8PQ8yko0ZGDeIU9dwEP4E2tZQJ9c_17964597488555477.mp4,media/reels/202307/AQOhGKuG0TiWN4DYXswcRzIATctBZBp8JCPsxGsRWrTpEo4U2nYuRnjoc9ABFrmXkxFkFsI9w8PQ8yko0ZGDeIU9dwEP4E2tZQJ9c_17964597488555477.mp4,json
2023-07-29T13:58:43.000Z,1690639123000,other,363485560_844841740311863_6933429067339138719_n_18020459695618857.jpg,media/other/363485560_844841740311863_6933429067339138719_n_18020459695618857.jpg,json
2023-08-06T14:59:18.000Z,1691333958000,reels,AQP2pELIwOhcuFPfv5LDo_GNureHc4PiZ2qGDRvMtOH8PInOgE3l5G3voLhFdXjAkNg6kChYUSveeFlAPQgm3d7Lrh_Kr1tjbHM2s_18027084922581698.mp4,media/reels/202308/AQP2pELIwOhcuFPfv5LDo_GNureHc4PiZ2qGDRvMtOH8PInOgE3l5G3voLhFdXjAkNg6kChYUSveeFlAPQgm3d7Lrh_Kr1tjbHM2s_18027084922581698.mp4,json
2023-08-17T15:59:38.000Z,1692287978000,other,368239047_850398323117922_3044208984725452130_n_18020966638648686.jpg,media/other/368239047_850398323117922_3044208984725452130_n_18020966638648686.jpg,json
2023-08-21T08:20:33.000Z,1692606033000,posts,368387835_982469692983400_8005657556005572004_n_17987593946197976.jpg,media/posts/202308/368387835_982469692983400_8005657556005572004_n_17987593946197976.jpg,json
2023-08-21T08:20:33.000Z,1692606033000,posts,368560394_1283475032293006_8015197851712939172_n_18271295572159012.jpg,media/posts/202308/368560394_1283475032293006_8015197851712939172_n_18271295572159012.jpg,json
2023-08-21T08:20:33.000Z,1692606033000,posts,AQNYmwAvtn5uj1jR59eKOoZ2axiHAnnKRn0TgMfsAu1qgL0tIrg70G0Um4AWHvYbNsDFJBzeRunsks3IJYrn0W_17975432696315085.mp4,media/posts/202308/AQNYmwAvtn5uj1jR59eKOoZ2axiHAnnKRn0TgMfsAu1qgL0tIrg70G0Um4AWHvYbNsDFJBzeRunsks3IJYrn0W_17975432696315085.mp4,json
2023-08-21T15:57:43.000Z,1692633463000,reels,AQOIdLVXrR1UDXUSkSCeDV0GSlt2cZjCovE0oG3yZph2lHMrQ_8eq1dWyK5ygVIBI5BsKuUVLrhw2yBscoMy0w_RUDboWyDGDprXMM_17999404931023682.mp4,media/reels/202308/AQOIdLVXrR1UDXUSkSCeDV0GSlt2cZjCovE0oG3yZph2lHMrQ_8eq1dWyK5ygVIBI5BsKuUVLrhw2yBscoMy0w_RUDboWyDGDprXMM_17999404931023682.mp4,json
2023-08-25T20:14:29.000Z,1692994469000,reels,AQP4lb7ugf31CCUfDQpuf6SzJwG61xSQ9tICzSkOiVxUttRkcYEsTNVe_frKvDz_AHmG9PAmYjhlRaW_7ckbkiMXTSrTaGq71kg3Ug_18016930708742899.mp4,media/reels/202308/AQP4lb7ugf31CCUfDQpuf6SzJwG61xSQ9tICzSkOiVxUttRkcYEsTNVe_frKvDz_AHmG9PAmYjhlRaW_7ckbkiMXTSrTaGq71kg3Ug_18016930708742899.mp4,json
2023-08-27T01:32:30.000Z,1693099950000,reels,AQO2qfyHvUG5oqbi9Wp76eGB4087IOEzFaECbjo72aCv9z6dK1wVc5LeTdfpaDPHULs5kRA1S7NBtauhPimV4HpeomLY5KWzP5xU_17898636005846081.mp4,media/reels/202308/AQO2qfyHvUG5oqbi9Wp76eGB4087IOEzFaECbjo72aCv9z6dK1wVc5LeTdfpaDPHULs5kRA1S7NBtauhPimV4HpeomLY5KWzP5xU_17898636005846081.mp4,json
2023-08-28T18:13:35.000Z,1693246415000,other,371200886_331402842601935_6098262782310283547_n_17949847244551093.jpg,media/other/371200886_331402842601935_6098262782310283547_n_17949847244551093.jpg,json
2023-08-31T15:52:07.000Z,1693497127000,other,372515270_1040056627176383_3029231607734567851_n_17861633669964558.jpg,media/other/372515270_1040056627176383_3029231607734567851_n_17861633669964558.jpg,json
2023-09-02T13:49:21.000Z,1693662561000,posts,373686481_249310308073651_7155019581643559980_n_17953807526651671.jpg,media/posts/202309/373686481_249310308073651_7155019581643559980_n_17953807526651671.jpg,json
2023-09-02T13:49:22.000Z,1693662562000,posts,AQPlsm5vqzxpPLX9deTTjC7DoubwHxwIGEXZtzzW6FG1f8GZJ1AmH11iCcEdk1pPcw5C4eVHqLbCG7EmzcBszmrr_17999617574095931.mp4,media/posts/202309/AQPlsm5vqzxpPLX9deTTjC7DoubwHxwIGEXZtzzW6FG1f8GZJ1AmH11iCcEdk1pPcw5C4eVHqLbCG7EmzcBszmrr_17999617574095931.mp4,json
2023-09-05T21:58:43.000Z,1693951123000,reels,AQPR9WiQCu74kd84ZQEwnCdQkcYXdvk1XsPNepdsuKDGi3lQFWvid7B3PPLITZy8qEbiRD7tbUg67IESP2l8qbv22G5qD5BCyUZ5M_18059748481439879.mp4,media/reels/202309/AQPR9WiQCu74kd84ZQEwnCdQkcYXdvk1XsPNepdsuKDGi3lQFWvid7B3PPLITZy8qEbiRD7tbUg67IESP2l8qbv22G5qD5BCyUZ5M_18059748481439879.mp4,json
2023-09-08T20:12:13.000Z,1694203933000,reels,AQN5pv7TnYZU2iCTvYBYZ3Dk2e3UXY0PAM2yTBcSajqYynvMdZ6kjAzvDi1jVxLuEpf7hxqEg7xj_DjxFx1Af8STzpTEHZJg7BX7cps_17876123804951150.mp4,media/reels/202309/AQN5pv7TnYZU2iCTvYBYZ3Dk2e3UXY0PAM2yTBcSajqYynvMdZ6kjAzvDi1jVxLuEpf7hxqEg7xj_DjxFx1Af8STzpTEHZJg7BX7cps_17876123804951150.mp4,json
2023-09-11T12:38:31.000Z,1694435911000,other,377635307_1001642734474010_1891449240178537947_n_18001061339084892.jpg,media/other/377635307_1001642734474010_1891449240178537947_n_18001061339084892.jpg,json
2023-09-12T08:35:09.000Z,1694507709000,other,377705256_850915716555592_4721980851205297591_n_17989916825333656.jpg,media/other/377705256_850915716555592_4721980851205297591_n_17989916825333656.jpg,json
2023-09-13T13:11:24.000Z,1694610684000,other,376724404_2001519843547182_4316884339791194526_n_18393465676032792.jpg,media/other/376724404_2001519843547182_4316884339791194526_n_18393465676032792.jpg,json
2023-09-18T17:37:38.000Z,1695058658000,reels,AQOnTb2MAvMnAcAtqWEgbjIJ8rJ3otSjEI1HwyXt5Fg_q6QUPplPfXBxWgH2_MhRWk15Zhds5ctuCDC1On97v8LojTjYB0mMKHkGgw_18005482462847047.mp4,media/reels/202309/AQOnTb2MAvMnAcAtqWEgbjIJ8rJ3otSjEI1HwyXt5Fg_q6QUPplPfXBxWgH2_MhRWk15Zhds5ctuCDC1On97v8LojTjYB0mMKHkGgw_18005482462847047.mp4,json
2023-09-22T22:15:44.000Z,1695420944000,reels,AQOvHrrkyQ8cN73t6zkG6yDwyw10UQ3NdXtHFwxEqqdWFG7CVX5h2EUiGk4RmN2u_3guvSzvwM3A_u04k_UZvWwDKzJGYaCk0SS2ux4_17847601677061944.mp4,media/reels/202309/AQOvHrrkyQ8cN73t6zkG6yDwyw10UQ3NdXtHFwxEqqdWFG7CVX5h2EUiGk4RmN2u_3guvSzvwM3A_u04k_UZvWwDKzJGYaCk0SS2ux4_17847601677061944.mp4,json
2023-09-30T17:20:42.000Z,1696094442000,reels,AQOxgxMWk_bYvHURFhQi7tZOtejoR4si449BeHKxp1ZtXgxMyK2lPsBtFhYl2X556ZrPmF_4nFafV5u_HVViM1_E8CXrWPxawvNys_17862379413010937.mp4,media/reels/202309/AQOxgxMWk_bYvHURFhQi7tZOtejoR4si449BeHKxp1ZtXgxMyK2lPsBtFhYl2X556ZrPmF_4nFafV5u_HVViM1_E8CXrWPxawvNys_17862379413010937.mp4,json
2023-10-01T16:24:20.000Z,1696177460000,reels,AQMSDwUEHEG4rHTobchdvyCJ34RDTv8c7yGWG3Wk8jMDDMjxIbRMDM52AaydQGXXQELfGdb2DHiDcDnYF55OxZcYDErKOSi60eE_17995637459486151.mp4,media/reels/202310/AQMSDwUEHEG4rHTobchdvyCJ34RDTv8c7yGWG3Wk8jMDDMjxIbRMDM52AaydQGXXQELfGdb2DHiDcDnYF55OxZcYDErKOSi60eE_17995637459486151.mp4,json
2023-10-06T20:06:28.000Z,1696622788000,reels,AQOlh_coihJ4l0BwGrX3MdycMcNCXLBLckk8ThqjGFkHolZaNcTWMn7sBJAMIow3f4ZC5ZoGl7fW4No0Od_qtKpn10zMVUNlOeLQ_18008145058962374.mp4,media/reels/202310/AQOlh_coihJ4l0BwGrX3MdycMcNCXLBLckk8ThqjGFkHolZaNcTWMn7sBJAMIow3f4ZC5ZoGl7fW4No0Od_qtKpn10zMVUNlOeLQ_18008145058962374.mp4,json
2023-10-08T11:30:43.000Z,1696764643000,other,387678465_281129831464451_619106565027697725_n_17978516948573735.jpg,media/other/387678465_281129831464451_619106565027697725_n_17978516948573735.jpg,json
2023-10-14T18:38:19.000Z,1697308699000,reels,AQOLAwEE6BfsoivXrWiufCeMww1v64qnNkooyIxuotDwY1GjbLVX2KcFR4lWdETEG7ilyDEuG8YKah9Pu9ni1BQbnGQ3sNAInkYwEow_17848602117055432.mp4,media/reels/202310/AQOLAwEE6BfsoivXrWiufCeMww1v64qnNkooyIxuotDwY1GjbLVX2KcFR4lWdETEG7ilyDEuG8YKah9Pu9ni1BQbnGQ3sNAInkYwEow_17848602117055432.mp4,json
2023-10-16T15:58:32.000Z,1697471912000,reels,AQOzd7fl5E61hQ1ApyDlId8pGNw7R3JlCdKRV3XMa2pgBuZUnAliEcsgYgneNOLpon6t1e4OsI5KMpeQSBrb0PLZJxxqEvQ46IrVMAk_18003947923923681.mp4,media/reels/202310/AQOzd7fl5E61hQ1ApyDlId8pGNw7R3JlCdKRV3XMa2pgBuZUnAliEcsgYgneNOLpon6t1e4OsI5KMpeQSBrb0PLZJxxqEvQ46IrVMAk_18003947923923681.mp4,json
2023-10-20T21:03:52.000Z,1697835832000,reels,AQP2ghCWOHxLI1Tg1molCKj1xtXqMDybLW9kZbZ5sLOD8WaFhSJsafvgMF0ASP8EEpah4siKPHuUGdHLtA66Vf08sO0k1MM6VH8Ro_17928064931786440.mp4,media/reels/202310/AQP2ghCWOHxLI1Tg1molCKj1xtXqMDybLW9kZbZ5sLOD8WaFhSJsafvgMF0ASP8EEpah4siKPHuUGdHLtA66Vf08sO0k1MM6VH8Ro_17928064931786440.mp4,json
2023-10-21T15:48:55.000Z,1697903335000,other,393644204_832441755014482_8841553385386503807_n_17860454886029255.jpg,media/other/393644204_832441755014482_8841553385386503807_n_17860454886029255.jpg,json
2023-10-29T16:22:49.000Z,1698596569000,reels,AQMee9SHO2if9Gl8TBAtrE9ZMBrTGGozpdQVVtJxRA4d7oMfDpSJkzmDpNr7QgLG1LDW3InGnvouh4qNQnpeI7N0SOrQ_5gsAD4Ck_17994110861513410.mp4,media/reels/202310/AQMee9SHO2if9Gl8TBAtrE9ZMBrTGGozpdQVVtJxRA4d7oMfDpSJkzmDpNr7QgLG1LDW3InGnvouh4qNQnpeI7N0SOrQ_5gsAD4Ck_17994110861513410.mp4,json
2023-11-03T21:17:17.000Z,1699046237000,reels,AQN8MNtEYnU5FzNtFm8PzPnNRGj1A1d9VaQBxNRWM5174PIUzLUG59E360Hao_EMNPAjWS6Huu9kBjbluE_9igh9tUc1ANPeOEbA_18002617559318383.mp4,media/reels/202311/AQN8MNtEYnU5FzNtFm8PzPnNRGj1A1d9VaQBxNRWM5174PIUzLUG59E360Hao_EMNPAjWS6Huu9kBjbluE_9igh9tUc1ANPeOEbA_18002617559318383.mp4,json
2023-11-03T21:21:16.000Z,1699046476000,reels,AQNR7D_MbyeQ3j08aBRWbOMlMQCcUZVJcvYCmtJHxxxRfu1PUBuebpeLM48u3PHzbdU_FsJUw4Ej2dT6u_VUy83zZU2OoZNKlTbjc_17954361599581915.mp4,media/reels/202311/AQNR7D_MbyeQ3j08aBRWbOMlMQCcUZVJcvYCmtJHxxxRfu1PUBuebpeLM48u3PHzbdU_FsJUw4Ej2dT6u_VUy83zZU2OoZNKlTbjc_17954361599581915.mp4,json
2023-11-05T18:38:02.000Z,1699209482000,other,398762199_254199307275213_4167257207240205730_n_18061442500460459.jpg,media/other/398762199_254199307275213_4167257207240205730_n_18061442500460459.jpg,json
2023-11-12T16:08:01.000Z,1699805281000,reels,AQPiya911rG1wiga3ijjrt8RmCd2pOE3E1DePyJH_MlfqwXPHk9EC5_KZxwz1gEykMjlPt0ccxHliR4Y5zKxch5U1Mk9P1wPGxrBI_17881626776969582.mp4,media/reels/202311/AQPiya911rG1wiga3ijjrt8RmCd2pOE3E1DePyJH_MlfqwXPHk9EC5_KZxwz1gEykMjlPt0ccxHliR4Y5zKxch5U1Mk9P1wPGxrBI_17881626776969582.mp4,json
2023-11-17T18:43:50.000Z,1700246630000,reels,AQMNDu68h3AxfM3r9m4l3Fi6JptqdWalSH4rrp1fSAn3Ogej4pM406eEIJRhFQPS73w2yHYDNKCNGI8TgNXkWxC_Bss_g8jDssAy4_18005858570144806.mp4,media/reels/202311/AQMNDu68h3AxfM3r9m4l3Fi6JptqdWalSH4rrp1fSAn3Ogej4pM406eEIJRhFQPS73w2yHYDNKCNGI8TgNXkWxC_Bss_g8jDssAy4_18005858570144806.mp4,json
2023-11-17T20:52:46.000Z,1700254366000,reels,AQN4EurHP9Cd22VLvgdNKXmx1MMbPgkSqqcr5JuHfuyyw25HuLA7Y2KpySUYygQxj2HdrA7kc7llIdgeXxRdXJ5zwEWCPhYPk4lY4o_18128945455314635.mp4,media/reels/202311/AQN4EurHP9Cd22VLvgdNKXmx1MMbPgkSqqcr5JuHfuyyw25HuLA7Y2KpySUYygQxj2HdrA7kc7llIdgeXxRdXJ5zwEWCPhYPk4lY4o_18128945455314635.mp4,json
2023-11-17T22:13:00.000Z,1700259180000,reels,AQOoBVP3ZZHOcOXWaLWGWhCF9d9mCwUDPo_7K2V_EDXfxlLDM3f4e__B0ZSELi_005ERRdze8RpkxSgqz7ut0vkPsV9dFz1pdkPclA0_17957716163567411.mp4,media/reels/202311/AQOoBVP3ZZHOcOXWaLWGWhCF9d9mCwUDPo_7K2V_EDXfxlLDM3f4e__B0ZSELi_005ERRdze8RpkxSgqz7ut0vkPsV9dFz1pdkPclA0_17957716163567411.mp4,json
2023-11-19T13:48:27.000Z,1700401707000,other,403176354_740269707945175_5037378341406992985_n_18038793742608007.jpg,media/other/403176354_740269707945175_5037378341406992985_n_18038793742608007.jpg,json
2023-11-25T02:14:47.000Z,1700878487000,reels,AQPiqyi2eDLJho1zQBAWcxj5bR_LsWWC2uFcMJElcchW5socUdGFM9CqxItPOovKRigSAKF_otoKOboyp_MujS83bF4KIloUsKNU2m0_18099386965367686.mp4,media/reels/202311/AQPiqyi2eDLJho1zQBAWcxj5bR_LsWWC2uFcMJElcchW5socUdGFM9CqxItPOovKRigSAKF_otoKOboyp_MujS83bF4KIloUsKNU2m0_18099386965367686.mp4,json
2023-11-26T12:55:51.000Z,1701003351000,reels,AQO9kw99Zre9NKAnaJ0yeRz2sRVsQwOY28cciUPmaZo2GCp3kwO63hFswXo1HQJzLKS33VuQ5xB9p2Tvll1jiSVQogznfbZ0kAwffk_17922162476815305.mp4,media/reels/202311/AQO9kw99Zre9NKAnaJ0yeRz2sRVsQwOY28cciUPmaZo2GCp3kwO63hFswXo1HQJzLKS33VuQ5xB9p2Tvll1jiSVQogznfbZ0kAwffk_17922162476815305.mp4,json
2023-12-02T21:14:47.000Z,1701551687000,other,405536633_1062206051638683_4616108960646748018_n_18028809724654015.jpg,media/other/405536633_1062206051638683_4616108960646748018_n_18028809724654015.jpg,json
2023-12-02T21:37:57.000Z,1701553077000,reels,AQM79kuqLMqsGRd_dJu9c0qKT4EzsMkHxEhzqcJPjslXApZQboMuTLNxorjSEirUv1vgmaBhUoYsGFs7H28TU_DzKUd5GQ2fp4W4_18011616686025613.mp4,media/reels/202312/AQM79kuqLMqsGRd_dJu9c0qKT4EzsMkHxEhzqcJPjslXApZQboMuTLNxorjSEirUv1vgmaBhUoYsGFs7H28TU_DzKUd5GQ2fp4W4_18011616686025613.mp4,json
2023-12-05T14:40:16.000Z,1701787216000,other,407367400_736836451683002_368065104451401783_n_17995714766171882.jpg,media/other/407367400_736836451683002_368065104451401783_n_17995714766171882.jpg,json
2023-12-08T22:57:17.000Z,1702076237000,reels,AQNscmdThtjcf8OXkkVTC45v8EWk6tnDG6dYM1oCE_2Hz7RyM8ZXFhp6VoAZhyS2aCKz4krodYfaumCBuvD0RhKbIT0XR2lqmu8Gs_18116720269326429.mp4,media/reels/202312/AQNscmdThtjcf8OXkkVTC45v8EWk6tnDG6dYM1oCE_2Hz7RyM8ZXFhp6VoAZhyS2aCKz4krodYfaumCBuvD0RhKbIT0XR2lqmu8Gs_18116720269326429.mp4,json
2023-12-10T16:00:19.000Z,1702224019000,reels,AQP2X0Vkc1ANtgFnZQAG5SDrmCY9WYI_0aiwgaUR27FUOLlEcMOQCPKF6DDGasBqzYBrCJga783PCLaQVKjFD7Cn6kvcnVrxiu348_18404511079020657.mp4,media/reels/202312/AQP2X0Vkc1ANtgFnZQAG5SDrmCY9WYI_0aiwgaUR27FUOLlEcMOQCPKF6DDGasBqzYBrCJga783PCLaQVKjFD7Cn6kvcnVrxiu348_18404511079020657.mp4,json
2023-12-15T21:43:10.000Z,1702676590000,reels,AQMIHEbwGaS9z2stLW9lmCLS3V_G3lrIOFbFOCjSfDWJ4AKJkSy5KpXvPUzJoP00v2wKGILI1L6xGwX9CzrYOEG1KYU5nmc_NLNO8Q_18109557748355026.mp4,media/reels/202312/AQMIHEbwGaS9z2stLW9lmCLS3V_G3lrIOFbFOCjSfDWJ4AKJkSy5KpXvPUzJoP00v2wKGILI1L6xGwX9CzrYOEG1KYU5nmc_NLNO8Q_18109557748355026.mp4,json
2023-12-17T13:34:05.000Z,1702820045000,other,412130202_700392598734280_2426151799415967330_n_18122066119325394.jpg,media/other/412130202_700392598734280_2426151799415967330_n_18122066119325394.jpg,json
2023-12-20T12:45:19.000Z,1703076319000,other,411997774_896570101818991_8397708810791967192_n_18034039231679770.jpg,media/other/411997774_896570101818991_8397708810791967192_n_18034039231679770.jpg,json
2024-01-01T19:27:33.000Z,1704137253000,other,416376629_2023372868058406_4197802157982924458_n_18013028986915891.jpg,media/other/416376629_2023372868058406_4197802157982924458_n_18013028986915891.jpg,json
2024-01-21T14:46:46.000Z,1705848406000,reels,AQNz4XMKETR6yFBnU9T_DXljsEk0FffB8sgfrvkeTqEqI_8rb_9IUd3mAKIh6XRFbA1DQD83aPPQA2OIy_h93z2e0pQdab2dHHCxgM_18291673372154136.mp4,media/reels/202401/AQNz4XMKETR6yFBnU9T_DXljsEk0FffB8sgfrvkeTqEqI_8rb_9IUd3mAKIh6XRFbA1DQD83aPPQA2OIy_h93z2e0pQdab2dHHCxgM_18291673372154136.mp4,json
2024-01-26T18:42:50.000Z,1706294570000,reels,AQPVcOwPkTi6O4sQsPPWTepOqWWgBt6PIo_pHIq9ZS9qJwPPP691cTcdaZk2cMG0zxWLSbp6OwuqIdbYJub1LGPm6gU73oQW5a4I_18013232698968086.mp4,media/reels/202401/AQPVcOwPkTi6O4sQsPPWTepOqWWgBt6PIo_pHIq9ZS9qJwPPP691cTcdaZk2cMG0zxWLSbp6OwuqIdbYJub1LGPm6gU73oQW5a4I_18013232698968086.mp4,json
2024-01-28T21:43:32.000Z,1706478212000,other,422813560_1616153892488658_1971822410602884288_n_18220869940301822.jpg,media/other/422813560_1616153892488658_1971822410602884288_n_18220869940301822.jpg,json
2024-02-10T14:44:02.000Z,1707576242000,other,426183079_1149830563055407_1567928289636444052_n_18029960743870209.jpg,media/other/426183079_1149830563055407_1567928289636444052_n_18029960743870209.jpg,json
2024-02-25T17:25:03.000Z,1708881903000,reels,AQPEqM7NpQGdXYvZUr9LOy67FuE36GYzruaVlfTtWrAI1AlFdVkSv0rKtEnhHDskje934fr1EA1tuGdbgKNEU5jbpExAWTkQFyjAw_18248533006244953.mp4,media/reels/202402/AQPEqM7NpQGdXYvZUr9LOy67FuE36GYzruaVlfTtWrAI1AlFdVkSv0rKtEnhHDskje934fr1EA1tuGdbgKNEU5jbpExAWTkQFyjAw_18248533006244953.mp4,json
2024-03-01T22:36:59.000Z,1709332619000,reels,AQORz3O0PMd3ddRKmnN_C4SUp4DKa2Tmd3MR6TaznpkqsnOEOW2XObtGVO7jwkXZWUeBkW_aAm8dEMirNl7lSLSgOQBHwczkm2A_18031509436869644.mp4,media/reels/202403/AQORz3O0PMd3ddRKmnN_C4SUp4DKa2Tmd3MR6TaznpkqsnOEOW2XObtGVO7jwkXZWUeBkW_aAm8dEMirNl7lSLSgOQBHwczkm2A_18031509436869644.mp4,json
2024-03-03T14:06:36.000Z,1709474796000,other,431198979_745505114222366_855077841403040599_n_17975830928518623.jpg,media/other/431198979_745505114222366_855077841403040599_n_17975830928518623.jpg,json
2024-03-09T11:13:39.000Z,1709982819000,other,432039023_361194753550750_142899032420744077_n_18420356017031087.jpg,media/other/432039023_361194753550750_142899032420744077_n_18420356017031087.jpg,json
2024-03-10T10:43:26.000Z,1710067406000,other,431312940_412005151374682_6800831176343295452_n_18048689071538259.jpg,media/other/431312940_412005151374682_6800831176343295452_n_18048689071538259.jpg,json
2024-03-24T13:19:35.000Z,1711286375000,reels,AQMxJSEc6ZMC4kvtiSgt6rZgnp_z54fTuEZZiW9uvIUUAhi0NlIfMoXeRQNrUPuHdV1ii3TiBV56BakNNQviERYGzWk4Ay_MSFUA_18038068540761921.mp4,media/reels/202403/AQMxJSEc6ZMC4kvtiSgt6rZgnp_z54fTuEZZiW9uvIUUAhi0NlIfMoXeRQNrUPuHdV1ii3TiBV56BakNNQviERYGzWk4Ay_MSFUA_18038068540761921.mp4,json
2024-03-27T15:11:56.000Z,1711552316000,other,433708601_421539067226213_6588170892647849440_n_18123584923349350.jpg,media/other/433708601_421539067226213_6588170892647849440_n_18123584923349350.jpg,json
2024-03-29T19:57:38.000Z,1711742258000,reels,AQOLoIhXXTnM16aYJSFXxxfQSy_CdDqcMvwB_1ZnsEFcLyPbwyCrBv0i_MYcduFN2NLvyiZB4TyJrc0PYPl_n9CvsKfYIpV0KamVHc_17947893419789225.mp4,media/reels/202403/AQOLoIhXXTnM16aYJSFXxxfQSy_CdDqcMvwB_1ZnsEFcLyPbwyCrBv0i_MYcduFN2NLvyiZB4TyJrc0PYPl_n9CvsKfYIpV0KamVHc_17947893419789225.mp4,json
2024-03-29T22:09:04.000Z,1711750144000,reels,AQMGIizHT5rorJA5uuNkpuQSOpbijeu2tXrCtJ62j_ZzWtUCqM3Vv_rJ9CyrMpvU1ChMzlZDtB8yWx6EmFAdyH_Cf1jJftyfUTJ5Lt4_17952582086652215.mp4,media/reels/202403/AQMGIizHT5rorJA5uuNkpuQSOpbijeu2tXrCtJ62j_ZzWtUCqM3Vv_rJ9CyrMpvU1ChMzlZDtB8yWx6EmFAdyH_Cf1jJftyfUTJ5Lt4_17952582086652215.mp4,json
2024-04-01T20:16:24.000Z,1712002584000,other,433818720_417446597537045_5033543222787092167_n_17949394049787035.jpg,media/other/433818720_417446597537045_5033543222787092167_n_17949394049787035.jpg,json
2024-04-21T17:18:18.000Z,1713719898000,other,AQPUXxHmcqxCTA_UNGntfuVXkzBr4_xcrkR_x9A57pUfO1M4sdq6voOobA2UHwUcADsZbQbOPwBIDrBV0NriIW6Zn7GAxYMg0Q8_17912440205928633.mp4,media/other/AQPUXxHmcqxCTA_UNGntfuVXkzBr4_xcrkR_x9A57pUfO1M4sdq6voOobA2UHwUcADsZbQbOPwBIDrBV0NriIW6Zn7GAxYMg0Q8_17912440205928633.mp4,json
2024-04-24T18:15:45.000Z,1713982545000,other,AQNh7mNI6EL1JK0iNwUov3duGq9XsKTK1W8klx1Q7m7eUT9ncYDKCW3O3zzpqFjeFa6jpBnvDFGO43TjyQ49l1fHi6rgf14KgJouOc_17999651546532609.mp4,media/other/AQNh7mNI6EL1JK0iNwUov3duGq9XsKTK1W8klx1Q7m7eUT9ncYDKCW3O3zzpqFjeFa6jpBnvDFGO43TjyQ49l1fHi6rgf14KgJouOc_17999651546532609.mp4,json
2024-04-27T19:44:40.000Z,1714247080000,other,AQPt1FP1MwGqbceYgpKpawKUbnATaYROVey24rVknH53n0VIF3puabusFgcvERS8U1l6Q7er_vXAtc1gc5CINBW8VrE61egcyCRsvs_18011991899124541.mp4,media/other/AQPt1FP1MwGqbceYgpKpawKUbnATaYROVey24rVknH53n0VIF3puabusFgcvERS8U1l6Q7er_vXAtc1gc5CINBW8VrE61egcyCRsvs_18011991899124541.mp4,json
2024-04-27T21:09:24.000Z,1714252164000,other,AQMxPKANUVybI6v5U5HTt_iKN9nxLcMGa9aqzCQrCJZ0oNPmB4pihv2S34cxZ8WxAXWSsEdQdsHcWQe0ehv556gsorgv2CcB5WuBSuc_18344781205129089.mp4,media/other/AQMxPKANUVybI6v5U5HTt_iKN9nxLcMGa9aqzCQrCJZ0oNPmB4pihv2S34cxZ8WxAXWSsEdQdsHcWQe0ehv556gsorgv2CcB5WuBSuc_18344781205129089.mp4,json
2024-04-27T21:22:56.000Z,1714252976000,other,AQMIKFw8anEGKds4BQkqMYkhCzbjRDUEoHRSiUE7pacej25iDpQzMZQgodOEAERrI0H_ypiwxs4TcIByRvYEzravYBp5tZqG4bw72c_18340105663115345.mp4,media/other/AQMIKFw8anEGKds4BQkqMYkhCzbjRDUEoHRSiUE7pacej25iDpQzMZQgodOEAERrI0H_ypiwxs4TcIByRvYEzravYBp5tZqG4bw72c_18340105663115345.mp4,json
2024-05-01T15:59:30.000Z,1714579170000,other,440647946_337240442707794_4851842598295766023_n_17941662008810724.jpg,media/other/440647946_337240442707794_4851842598295766023_n_17941662008810724.jpg,json
2024-05-16T22:56:29.000Z,1715900189000,other,AQOK7kyNMOb5nX2bosx03CboQrSJms0veAstzCFwE_uThcHpcLIgFBN0YAC7SXjnanOVLo7Gl7JaXNWkXfRxsANOnehOKgdkvg4ik_17843511231225242.mp4,media/other/AQOK7kyNMOb5nX2bosx03CboQrSJms0veAstzCFwE_uThcHpcLIgFBN0YAC7SXjnanOVLo7Gl7JaXNWkXfRxsANOnehOKgdkvg4ik_17843511231225242.mp4,json
2024-05-16T23:08:03.000Z,1715900883000,other,AQPL05pxddGigcMaHi6Gg9hnbXvNPn8qC77aAENIhPJWJUfCh1hk1T45a6asCTvHZg05g07_gds9T8t5MR3VuOsdWuL28vVDR_BoM_18332460304191818.mp4,media/other/AQPL05pxddGigcMaHi6Gg9hnbXvNPn8qC77aAENIhPJWJUfCh1hk1T45a6asCTvHZg05g07_gds9T8t5MR3VuOsdWuL28vVDR_BoM_18332460304191818.mp4,json
2024-05-24T16:44:21.000Z,1716569061000,other,446110440_1112251203214813_6412026990934583032_n_18028082876026426.jpg,media/other/446110440_1112251203214813_6412026990934583032_n_18028082876026426.jpg,json
2024-05-26T18:11:42.000Z,1716747102000,other,AQMyVQE_TVwjJZozWzHAATS9fuUc3NlVioE8fK63sHU9JnIQOV_1NpW_Tde0kvADT0Rm3UyqjpT1L5ZnItH4rA3ZN_N3g_DkWly8Qbs_18069944929511982.mp4,media/other/AQMyVQE_TVwjJZozWzHAATS9fuUc3NlVioE8fK63sHU9JnIQOV_1NpW_Tde0kvADT0Rm3UyqjpT1L5ZnItH4rA3ZN_N3g_DkWly8Qbs_18069944929511982.mp4,json
2024-05-28T16:01:34.000Z,1716912094000,other,446224831_1488866528672034_6576114432664464739_n_18051686929641708.jpg,media/other/446224831_1488866528672034_6576114432664464739_n_18051686929641708.jpg,json
2024-05-31T22:26:26.000Z,1717194386000,other,AQOHns6DBVBhjQY4pt88RJBCTJ7YBJvry65ITTWLcX5P8F8AKmBL5thgK72Z2Vwrg32lnE1UPzxetdlcwjJqoGL9d6SUTECJssLN68_18052629922640697.mp4,media/other/AQOHns6DBVBhjQY4pt88RJBCTJ7YBJvry65ITTWLcX5P8F8AKmBL5thgK72Z2Vwrg32lnE1UPzxetdlcwjJqoGL9d6SUTECJssLN68_18052629922640697.mp4,json
2024-06-06T13:20:59.000Z,1717680059000,other,447911233_992476255802088_4747067281162959856_n_17916599417930206.jpg,media/other/447911233_992476255802088_4747067281162959856_n_17916599417930206.jpg,json
2024-06-13T20:53:04.000Z,1718311984000,other,448222844_17950152431798994_1983352210035755124_n_18029196106919792.jpg,media/other/448222844_17950152431798994_1983352210035755124_n_18029196106919792.jpg,json
2024-06-28T16:10:57.000Z,1719591057000,other,449472100_17952032714798994_7203250529661246065_n_18071986069471626.jpg,media/other/449472100_17952032714798994_7203250529661246065_n_18071986069471626.jpg,json
2024-07-03T18:04:58.000Z,1720029898000,other,449475671_17952687749798994_6262213543763750598_n_18288712147207003.jpg,media/other/449475671_17952687749798994_6262213543763750598_n_18288712147207003.jpg,json
2024-07-21T20:04:59.000Z,1721592299000,other,AQOGNThuIofldsNrzHfa558VZlaRZQShgNI0Cdc23F8sHVhdvhtQyOhIkZ33eYHxldpERmgmqkJWIJBJ2YgMSPa0uLYgiom91wEa5o_18136516987341754.mp4,media/other/AQOGNThuIofldsNrzHfa558VZlaRZQShgNI0Cdc23F8sHVhdvhtQyOhIkZ33eYHxldpERmgmqkJWIJBJ2YgMSPa0uLYgiom91wEa5o_18136516987341754.mp4,json
2024-07-26T19:53:16.000Z,1722023596000,other,470214866_17974118381798994_6423375070355647874_n_18262626070222959.jpg,media/other/470214866_17974118381798994_6423375070355647874_n_18262626070222959.jpg,json
2024-08-11T19:09:44.000Z,1723403384000,other,454717052_17957765849798994_2978564515237198738_n_18099013513441329.jpg,media/other/454717052_17957765849798994_2978564515237198738_n_18099013513441329.jpg,json
2024-08-19T16:11:03.000Z,1724083863000,other,AQOnBTA1vFnGLDSOknQDiTlBVtKgoZn5IwoeLR4947DPaRHGgAXQsubgD75SbU8ovCHnf232EPUg5zPO8RCPiHFQ2SuAwgRuOmetE_18035284694110309.mp4,media/other/AQOnBTA1vFnGLDSOknQDiTlBVtKgoZn5IwoeLR4947DPaRHGgAXQsubgD75SbU8ovCHnf232EPUg5zPO8RCPiHFQ2SuAwgRuOmetE_18035284694110309.mp4,json
2024-08-22T16:45:06.000Z,1724345106000,other,456684322_17959252214798994_990683714873271564_n_18060043045630304.jpg,media/other/456684322_17959252214798994_990683714873271564_n_18060043045630304.jpg,json
2024-08-30T07:58:52.000Z,1725004732000,other,457437127_17960241524798994_6056037676394832965_n_18024721661122142.jpg,media/other/457437127_17960241524798994_6056037676394832965_n_18024721661122142.jpg,json
2024-09-10T15:22:56.000Z,1725981776000,other,458964455_17961752252798994_2378071331857689843_n_18083975074503655.jpg,media/other/458964455_17961752252798994_2378071331857689843_n_18083975074503655.jpg,json
2024-09-15T18:17:48.000Z,1726424268000,other,459560492_17962451273798994_1531237835277753248_n_17940355169886215.jpg,media/other/459560492_17962451273798994_1531237835277753248_n_17940355169886215.jpg,json
2024-09-20T15:22:02.000Z,1726845722000,other,AQMGSQlCOeBdrRlPfRyHrEM9GFGxcQv9rFm5bqjh_RSqrzhp9EiFnjlDTwzX3dduc5WmMCiahh00zTnJWNxdOCyPC71WUALGVY_18054513976672250.mp4,media/other/AQMGSQlCOeBdrRlPfRyHrEM9GFGxcQv9rFm5bqjh_RSqrzhp9EiFnjlDTwzX3dduc5WmMCiahh00zTnJWNxdOCyPC71WUALGVY_18054513976672250.mp4,json
2024-09-22T12:22:30.000Z,1727007750000,other,460878465_17963331890798994_8052317527841955499_n_18036682916129139.jpg,media/other/460878465_17963331890798994_8052317527841955499_n_18036682916129139.jpg,json
2024-09-27T20:12:43.000Z,1727467963000,other,AQM2G4TnnUjnSv3vUvd1oDXqz9GL8LDF1bwsrhqMPFdRq0lEp4ExwTV4cbrkVOvUOu73x6HxUvxd_9UxI_ye3yi__C713tb55uniwg_17913917208005141.mp4,media/other/AQM2G4TnnUjnSv3vUvd1oDXqz9GL8LDF1bwsrhqMPFdRq0lEp4ExwTV4cbrkVOvUOu73x6HxUvxd_9UxI_ye3yi__C713tb55uniwg_17913917208005141.mp4,json
2024-10-02T15:04:33.000Z,1727881473000,other,461947071_17964699152798994_1048927992051085819_n_18070968019580688.jpg,media/other/461947071_17964699152798994_1048927992051085819_n_18070968019580688.jpg,json
2024-10-16T16:03:44.000Z,1729094624000,other,AQNXgDpXvSCIOm6KEtJnfJikhMzo_UJ3izF01COl4w37X_TlenB62F1_uqKJqpta4MEkz9xN70xSEzS_D8m504db0IpEIXmVdLtpHk_18088415080450668.mp4,media/other/AQNXgDpXvSCIOm6KEtJnfJikhMzo_UJ3izF01COl4w37X_TlenB62F1_uqKJqpta4MEkz9xN70xSEzS_D8m504db0IpEIXmVdLtpHk_18088415080450668.mp4,json
2024-10-20T16:15:30.000Z,1729440930000,other,463977176_17967107957798994_3705357687027662089_n_18135149347366128.jpg,media/other/463977176_17967107957798994_3705357687027662089_n_18135149347366128.jpg,json
2024-10-25T21:34:50.000Z,1729892090000,other,AQNVHnVZX_wkSwtJ1voYtjJdDYeIVwxbJ7Rf00Y8RGoH1bDVcDKIDmiW3qF4WcXotAi1XpNtFUzeSqEVhAvyAA3kXbkiPuzHQz1zo_17861525172205942.mp4,media/other/AQNVHnVZX_wkSwtJ1voYtjJdDYeIVwxbJ7Rf00Y8RGoH1bDVcDKIDmiW3qF4WcXotAi1XpNtFUzeSqEVhAvyAA3kXbkiPuzHQz1zo_17861525172205942.mp4,json
2024-10-27T20:29:21.000Z,1730060961000,other,AQOe75u5UAwuf_qh_DukBS75CSc5tvPT5xFt1i8GnJhv1lh_oFf7iND_Av_wVsMHoagVoj8w9RYErA7Nw0JsYAmGbLODjAtb_wsPYY_18247442548280148.mp4,media/other/AQOe75u5UAwuf_qh_DukBS75CSc5tvPT5xFt1i8GnJhv1lh_oFf7iND_Av_wVsMHoagVoj8w9RYErA7Nw0JsYAmGbLODjAtb_wsPYY_18247442548280148.mp4,json
2024-11-02T10:19:55.000Z,1730542795000,other,465250752_17968814165798994_6656654176689410563_n_18047036450011265.jpg,media/other/465250752_17968814165798994_6656654176689410563_n_18047036450011265.jpg,json
2024-11-03T20:28:29.000Z,1730665709000,other,465265536_17969019935798994_3049675081535545262_n_17925267926978198.jpg,media/other/465265536_17969019935798994_3049675081535545262_n_17925267926978198.jpg,json
2024-11-24T18:29:01.000Z,1732472941000,other,AQOjEltzR9ZeRdx9aTxrqLPecE6f5xakKu917zd9qhaCQaicnnUGtYjJJkjRyjFBDFMSIx7JHgd5ZuxBL87QcE2rjow8xdYVzgis9A_17919832169907773.mp4,media/other/AQOjEltzR9ZeRdx9aTxrqLPecE6f5xakKu917zd9qhaCQaicnnUGtYjJJkjRyjFBDFMSIx7JHgd5ZuxBL87QcE2rjow8xdYVzgis9A_17919832169907773.mp4,json
2024-11-29T22:17:50.000Z,1732918670000,other,AQOVT2mwdBY8kec0HTJxGRrhmXCs9qCII2_VsUeSBMmQ8q7GTRmGVS5ZjNd1yK_CqGRDgSUvvIjYl19xYNsKlRQS0SGTMVt2lNI6Zk_18059026741850830.mp4,media/other/AQOVT2mwdBY8kec0HTJxGRrhmXCs9qCII2_VsUeSBMmQ8q7GTRmGVS5ZjNd1yK_CqGRDgSUvvIjYl19xYNsKlRQS0SGTMVt2lNI6Zk_18059026741850830.mp4,json
2024-12-02T21:26:48.000Z,1733174808000,other,469047026_17972683118798994_841839877833970079_n_17936685956822505.jpg,media/other/469047026_17972683118798994_841839877833970079_n_17936685956822505.jpg,json
2024-12-15T16:16:48.000Z,1734279408000,other,AQOBtKQyhKq8tavruNkNgTo5RXK6yyVDks9FkFthquTNrwaAmlF6aeFyL4vRg4QwPgetKFJb4OYJShpBQdpjIbjKzYAp4K88KGfRpM_18040346660034222.mp4,media/other/AQOBtKQyhKq8tavruNkNgTo5RXK6yyVDks9FkFthquTNrwaAmlF6aeFyL4vRg4QwPgetKFJb4OYJShpBQdpjIbjKzYAp4K88KGfRpM_18040346660034222.mp4,json
2024-12-20T22:26:10.000Z,1734733570000,other,AQMHtPuTdceVjF_GdXJg1cKKkhl88lHKnz0MjDJRBABBtq8XOeXcPtkf2ola2RkaUruaBItlotdXKoa2mEuxuS3hFfLewr6aZMtM_18034023311141938.mp4,media/other/AQMHtPuTdceVjF_GdXJg1cKKkhl88lHKnz0MjDJRBABBtq8XOeXcPtkf2ola2RkaUruaBItlotdXKoa2mEuxuS3hFfLewr6aZMtM_18034023311141938.mp4,json
2024-12-22T15:42:01.000Z,1734882121000,other,AQNLAK5CCY0HGztZY1_ywPUcuXVqP1p2MkgpI3L4NDEtubhiqNISNFiDaVvuRUdiHWtqHwpAKyPMAENhNAPugX9SZAnRzJaSphTQOM_17914615800028452.mp4,media/other/AQNLAK5CCY0HGztZY1_ywPUcuXVqP1p2MkgpI3L4NDEtubhiqNISNFiDaVvuRUdiHWtqHwpAKyPMAENhNAPugX9SZAnRzJaSphTQOM_17914615800028452.mp4,json
2024-12-24T18:00:14.000Z,1735063214000,other,471362657_17975469020798994_2096543959583003486_n_18027458573575543.jpg,media/other/471362657_17975469020798994_2096543959583003486_n_18027458573575543.jpg,json
2025-01-01T15:05:56.000Z,1735743956000,other,471291991_17976539186798994_6910260346977372363_n_18035896697377015.jpg,media/other/471291991_17976539186798994_6910260346977372363_n_18035896697377015.jpg,json
2025-01-05T18:27:02.000Z,1736101622000,other,472014672_17977067429798994_5186431728713645596_n_18048107732138478.jpg,media/other/472014672_17977067429798994_5186431728713645596_n_18048107732138478.jpg,json
2025-01-26T19:03:00.000Z,1737918180000,other,AQPjs6zeUutbenkN7BUDjDvAPcJnzzgy2kbXJygue34OYpm8savbq7r2OGN0DmCdNEocr4XmgwD0sDK6VnaIeKIYXdjs4ogMgGNQOss_17867702721224543.mp4,media/other/AQPjs6zeUutbenkN7BUDjDvAPcJnzzgy2kbXJygue34OYpm8savbq7r2OGN0DmCdNEocr4XmgwD0sDK6VnaIeKIYXdjs4ogMgGNQOss_17867702721224543.mp4,json
2025-01-31T21:54:03.000Z,1738360443000,other,AQOm7E81lEmOMfzLQorvV1BQf7t7YR6J9ZWsxFOV2A4Mpe7ZO1RFJRJE2MNNHF4VGzhhvq9uqIPeNCjEcBDBq0aeIFoT8t8DJvuh7Q_17858190762360230.mp4,media/other/AQOm7E81lEmOMfzLQorvV1BQf7t7YR6J9ZWsxFOV2A4Mpe7ZO1RFJRJE2MNNHF4VGzhhvq9uqIPeNCjEcBDBq0aeIFoT8t8DJvuh7Q_17858190762360230.mp4,json
2025-02-02T17:33:22.000Z,1738517602000,other,476098226_17980353878798994_5188159226421276278_n_17909175336093480.jpg,media/other/476098226_17980353878798994_5188159226421276278_n_17909175336093480.jpg,json
2025-02-05T18:52:45.000Z,1738781565000,other,476462158_17980722245798994_5162103959165671604_n_18045558104463845.jpg,media/other/476462158_17980722245798994_5162103959165671604_n_18045558104463845.jpg,json
2025-02-19T18:05:57.000Z,1739988357000,other,480386562_17982425297798994_4132820675838596093_n_18046449317261603.jpg,media/other/480386562_17982425297798994_4132820675838596093_n_18046449317261603.jpg,json
2025-02-23T17:09:45.000Z,1740330585000,other,AQNN3HXxzPv2YZ0dpsm5n3cZpp_QbW7vzjG7DA4o0Yt0XXuBgn25GUkndnKwrC8yeOQsTgXw_BlmvJ5I_VxZYLDy8nifBzetHNqk_17850593415405113.mp4,media/other/AQNN3HXxzPv2YZ0dpsm5n3cZpp_QbW7vzjG7DA4o0Yt0XXuBgn25GUkndnKwrC8yeOQsTgXw_BlmvJ5I_VxZYLDy8nifBzetHNqk_17850593415405113.mp4,json
2025-02-28T22:46:20.000Z,1740782780000,other,AQOvyfN0GDiNN1m2njN_f6pjmnbo1vMfx5DUyfKCRFAnFns6eXYU8LcsTpkpYmww70w0t5ehqYkjNrLy94qavYqf49kO39HxDAXj8_18263254147280570.mp4,media/other/AQOvyfN0GDiNN1m2njN_f6pjmnbo1vMfx5DUyfKCRFAnFns6eXYU8LcsTpkpYmww70w0t5ehqYkjNrLy94qavYqf49kO39HxDAXj8_18263254147280570.mp4,json
2025-03-03T19:36:35.000Z,1741030595000,other,482497796_17983927169798994_261657838476375174_n_18039402161171000.jpg,media/other/482497796_17983927169798994_261657838476375174_n_18039402161171000.jpg,json
2025-03-16T21:07:36.000Z,1742159256000,other,AQP_Lw32S0mZIA_TtufEneVAkk6tNwMV8qvTYKlTHa1Tkx2O_l3WoFDZz3wuTmxCpIjtb2xRc0B2unBglr1Gw0GTFgBZdkrK63Y9V8_18095808556544277.mp4,media/other/AQP_Lw32S0mZIA_TtufEneVAkk6tNwMV8qvTYKlTHa1Tkx2O_l3WoFDZz3wuTmxCpIjtb2xRc0B2unBglr1Gw0GTFgBZdkrK63Y9V8_18095808556544277.mp4,json
2025-03-28T21:49:35.000Z,1743198575000,other,AQM1bBVb8IwfZE0cZCc0pULy8RupBXAeOEh3N332j1NvTZVa2dxiXzrNqYU6PsHieisxfRTq22owv0J86e5PjiKyLT3Lkc3biea6QO8_18050325392257845.mp4,media/other/AQM1bBVb8IwfZE0cZCc0pULy8RupBXAeOEh3N332j1NvTZVa2dxiXzrNqYU6PsHieisxfRTq22owv0J86e5PjiKyLT3Lkc3biea6QO8_18050325392257845.mp4,json
2025-03-31T15:12:41.000Z,1743433961000,other,487356652_17987213465798994_3965793489375346279_n_18005719589569195.jpg,media/other/487356652_17987213465798994_3965793489375346279_n_18005719589569195.jpg,json
2025-04-03T18:35:48.000Z,1743705348000,other,488641499_17987568386798994_7236442520172584922_n_17954849888793971.jpg,media/other/488641499_17987568386798994_7236442520172584922_n_17954849888793971.jpg,json
2025-04-21T16:05:17.000Z,1745251517000,other,AQNV4ed0w1lV8GzQ6DTkzaijr3CLElkJgk1JCDT4QqrhitguqJRxtsesxwllLqikyktn2NX_PA0i7lZjjF10ExnxgGJVscoc2YIY_18027903719661060.mp4,media/other/AQNV4ed0w1lV8GzQ6DTkzaijr3CLElkJgk1JCDT4QqrhitguqJRxtsesxwllLqikyktn2NX_PA0i7lZjjF10ExnxgGJVscoc2YIY_18027903719661060.mp4,json
2025-04-25T21:20:48.000Z,1745616048000,other,AQMUVcEL9mldMXi36IiyNcZ3BSPTGkzI3ikwaKR96tLKrH4eJJXmEJgxYzqLHzm4oyu9tD_Xg4mHQlylMNh04_cm8A8nHzheqw9Rw_18504845050009491.mp4,media/other/AQMUVcEL9mldMXi36IiyNcZ3BSPTGkzI3ikwaKR96tLKrH4eJJXmEJgxYzqLHzm4oyu9tD_Xg4mHQlylMNh04_cm8A8nHzheqw9Rw_18504845050009491.mp4,json
2025-04-25T21:24:26.000Z,1745616266000,other,AQM5yJftAUzLLzWLpEOTVEc6FheoiguEXkh1X6N2v5asOp5J3_YEMcI8sW2bL9138KW83Aw3lsfNta0zwu1FPWk2wMIdEg7qF3Cugi8_18003659054754311.mp4,media/other/AQM5yJftAUzLLzWLpEOTVEc6FheoiguEXkh1X6N2v5asOp5J3_YEMcI8sW2bL9138KW83Aw3lsfNta0zwu1FPWk2wMIdEg7qF3Cugi8_18003659054754311.mp4,json
2025-05-01T15:53:21.000Z,1746114801000,other,494610778_17990586029798994_2247551921401649446_n_18080109067751598.jpg,media/other/494610778_17990586029798994_2247551921401649446_n_18080109067751598.jpg,json
2025-05-14T17:31:37.000Z,1747243897000,other,498181353_17992092515798994_1952519643142640041_n_17907650919113289.jpg,media/other/498181353_17992092515798994_1952519643142640041_n_17907650919113289.jpg,json
2025-05-25T17:57:32.000Z,1748195852000,other,AQOg3ya3EJmO1qqARJ_yoJ9PUoIhxe6VIKB3lcArkplUGSfHJoDwX0xMn2xKF2_hDExXyaaOHs1r0o5LWJ0jANgjdBX14SJwCGU_18463142860076779.mp4,media/other/AQOg3ya3EJmO1qqARJ_yoJ9PUoIhxe6VIKB3lcArkplUGSfHJoDwX0xMn2xKF2_hDExXyaaOHs1r0o5LWJ0jANgjdBX14SJwCGU_18463142860076779.mp4,json
2025-05-30T23:35:04.000Z,1748648104000,other,AQNZD3gho5FYr674vpu4MOGiOBHbd09MOYfPZXfxdnQsaJ8SaKDmJOzJe4saSi5O_94Kwhyo_kXwiMXScXaDgiFWif4QoG6EEg_17899849101200546.mp4,media/other/AQNZD3gho5FYr674vpu4MOGiOBHbd09MOYfPZXfxdnQsaJ8SaKDmJOzJe4saSi5O_94Kwhyo_kXwiMXScXaDgiFWif4QoG6EEg_17899849101200546.mp4,json
2025-06-29T18:03:00.000Z,1751220180000,other,513999726_17997431909798994_8499188608668755021_n_18060042746228668.jpg,media/other/513999726_17997431909798994_8499188608668755021_n_18060042746228668.jpg,json
2025-07-02T19:14:40.000Z,1751483680000,other,515145778_17997767570798994_2693691037607608460_n_18036111269661826.jpg,media/other/515145778_17997767570798994_2693691037607608460_n_18036111269661826.jpg,json
2025-07-27T20:33:54.000Z,1753648434000,other,524808893_18000617459798994_1470633822766613376_n_18047763293258627.jpg,media/other/524808893_18000617459798994_1470633822766613376_n_18047763293258627.jpg,json
2025-07-30T19:25:16.000Z,1753903516000,other,524562305_18000953843798994_6977320384313776885_n_17914639860157067.jpg,media/other/524562305_18000953843798994_6977320384313776885_n_17914639860157067.jpg,json
2025-08-05T17:37:05.000Z,1754415425000,posts,527189557_18001606391798994_4561607480719454469_n_18356244544158019.jpg,media/posts/202508/527189557_18001606391798994_4561607480719454469_n_18356244544158019.jpg,json
2025-08-05T17:37:05.000Z,1754415425000,posts,527224249_18001606367798994_7814347984431755860_n_17935220928060365.jpg,media/posts/202508/527224249_18001606367798994_7814347984431755860_n_17935220928060365.jpg,json
2025-08-05T17:37:05.000Z,1754415425000,posts,527334524_18001606379798994_7350255189209302324_n_17881783617242407.jpg,media/posts/202508/527334524_18001606379798994_7350255189209302324_n_17881783617242407.jpg,json
2025-08-05T17:37:05.000Z,1754415425000,posts,527568694_18001606397798994_5145052972694909481_n_17929797081065770.jpg,media/posts/202508/527568694_18001606397798994_5145052972694909481_n_17929797081065770.jpg,json
2025-08-05T17:37:05.000Z,1754415425000,posts,527588385_18001606376798994_8867628847065326893_n_18052882580171094.jpg,media/posts/202508/527588385_18001606376798994_8867628847065326893_n_18052882580171094.jpg,json
2025-08-07T19:21:17.000Z,1754594477000,other,AQOow5xnNmj4lVxOOpPCLGgoI8Or53rk0gf2sGw1Sr1xNUtF_eE4v1jd8MomtQmLznDSeJXHUigHSsczVZ08TGlMN4Z6lps9gM6sDM_18021987767719701.mp4,media/other/AQOow5xnNmj4lVxOOpPCLGgoI8Or53rk0gf2sGw1Sr1xNUtF_eE4v1jd8MomtQmLznDSeJXHUigHSsczVZ08TGlMN4Z6lps9gM6sDM_18021987767719701.mp4,json